Track,Matcher,Type,Macro Precision (P),Macro Recall (R),Residual Macro Recall (R+),Macro F1,Micro Precision (P),Micro Recall (R),Residual Micro Recall (R+),Micro F1,"# of TP","# of Residual TP","# of FP","# of FN","# of Correspondences",Total Runtime,Total Runtime(HH:MM:SS),BaseMatcher,Method
conference,LogMap_AllPairs_Err80,ALL,0.8480295459287057,0.5823235341496307,0.219030036256927,0.6904974290983662,0.8275862068965517,0.5508196721311476,0.21604938271604937,0.6614173228346457,168,35,35,137,203,1005848405667,00:16:45,LogMap,AllPairs
conference,LogMap_AllPairs_Err80,CLASSES,0.873977881750991,0.6374016192420899,0.1892101284958428,0.7371741070244987,0.8571428571428571,0.6023166023166023,0.211864406779661,0.7074829931972789,156,25,26,103,182,-,-,LogMap,AllPairs
conference,LogMap_AllPairs_Err80,PROPERTIES,0.38095238095238093,0.2119047619047619,0.20238095238095238,0.2723274048575253,0.5714285714285714,0.2608695652173913,0.22727272727272727,0.3582089552238805,12,10,9,34,21,-,-,LogMap,AllPairs
conference,LogMap_AllPairs_Err80,INSTANCES,0.0,0.0,0.0,0.0,0.0,0.0,0.0,0.0,0,0,0,0,0,-,-,LogMap,AllPairs
conference,Paris_AllPairs_StarTwoMintrue,ALL,0.0,0.0,0.0,0.0,0.0,0.0,0.0,0.0,0,0,0,305,0,161094664941,00:02:41,Paris,AllPairs
conference,Paris_AllPairs_StarTwoMintrue,CLASSES,0.0,0.0,0.0,0.0,0.0,0.0,0.0,0.0,0,0,0,259,0,-,-,Paris,AllPairs
conference,Paris_AllPairs_StarTwoMintrue,PROPERTIES,0.0,0.0,0.0,0.0,0.0,0.0,0.0,0.0,0,0,0,46,0,-,-,Paris,AllPairs
conference,Paris_AllPairs_StarTwoMintrue,INSTANCES,0.0,0.0,0.0,0.0,0.0,0.0,0.0,0.0,0,0,0,0,0,-,-,Paris,AllPairs
conference,AML_AllPairs_StarTwoMintrue,ALL,0.8454171123197428,0.6783082288601682,0.34965450826795363,0.752699149390826,0.8410041841004184,0.659016393442623,0.35802469135802467,0.7389705882352942,201,58,38,104,239,1161474009927,00:19:21,AML,AllPairs
conference,AML_AllPairs_StarTwoMintrue,CLASSES,0.8360228029254335,0.7237380589456432,0.30500755857898715,0.7758388294186614,0.8272727272727273,0.7027027027027027,0.3474576271186441,0.7599164926931107,182,41,38,77,220,-,-,AML,AllPairs
conference,AML_AllPairs_StarTwoMintrue,PROPERTIES,0.47619047619047616,0.28809523809523807,0.280952380952381,0.3589971814270879,1.0,0.41304347826086957,0.38636363636363635,0.5846153846153846,19,17,0,27,19,-,-,AML,AllPairs
conference,AML_AllPairs_StarTwoMintrue,INSTANCES,0.0,0.0,0.0,0.0,0.0,0.0,0.0,0.0,0,0,0,0,0,-,-,AML,AllPairs
conference,ATBox_AllPairs_StarOneMinfalse,ALL,0.6425605926335691,0.5964507323557281,0.18762242270645632,0.6186476722681022,0.6183745583038869,0.5737704918032787,0.21604938271604937,0.5952380952380952,175,35,108,130,283,1315152437298,00:21:55,ATBox,AllPairs
conference,ATBox_AllPairs_StarOneMinfalse,CLASSES,0.7667222988651559,0.6592157282742442,0.17445200302343158,0.7089163610349316,0.7523364485981309,0.6216216216216216,0.1864406779661017,0.6807610993657506,161,22,53,98,214,-,-,ATBox,AllPairs
conference,ATBox_AllPairs_StarOneMinfalse,PROPERTIES,0.13492063492063494,0.1793650793650794,0.17460317460317462,0.15400032066698735,0.20588235294117646,0.30434782608695654,0.29545454545454547,0.2456140350877193,14,13,54,32,68,-,-,ATBox,AllPairs
conference,ATBox_AllPairs_StarOneMinfalse,INSTANCES,0.0,0.0,0.0,0.0,0.0,0.0,0.0,0.0,0,0,1,0,1,-,-,ATBox,AllPairs
conference,ATBox_AllPairs_StarOneMintrue,ALL,0.6425605926335692,0.5964507323557282,0.1876224227064563,0.6186476722681025,0.6183745583038869,0.5737704918032787,0.21604938271604937,0.5952380952380952,175,35,108,130,283,1314838121205,00:21:54,ATBox,AllPairs
conference,ATBox_AllPairs_StarOneMintrue,CLASSES,0.7667222988651559,0.6592157282742442,0.17445200302343158,0.7089163610349316,0.7523364485981309,0.6216216216216216,0.1864406779661017,0.6807610993657506,161,22,53,98,214,-,-,ATBox,AllPairs
conference,ATBox_AllPairs_StarOneMintrue,PROPERTIES,0.13492063492063494,0.1793650793650794,0.1746031746031746,0.15400032066698735,0.20588235294117646,0.30434782608695654,0.29545454545454547,0.2456140350877193,14,13,54,32,68,-,-,ATBox,AllPairs
conference,ATBox_AllPairs_StarOneMintrue,INSTANCES,0.0,0.0,0.0,0.0,0.0,0.0,0.0,0.0,0,0,1,0,1,-,-,ATBox,AllPairs
conference,ALOD2Vec_AllPairs_MergeCenterMaxtrue,ALL,0.5944606332561513,0.5792332492179616,0.14233309485410325,0.586748161977784,0.568561872909699,0.5573770491803278,0.16666666666666666,0.5629139072847683,170,27,129,135,299,1036246913730,00:17:16,ALOD2Vec,AllPairs
conference,ALOD2Vec_AllPairs_MergeCenterMaxtrue,CLASSES,0.7085426835847005,0.6320687134351731,0.10215419501133789,0.6681245041222749,0.6753246753246753,0.6023166023166023,0.1271186440677966,0.6367346938775511,156,15,75,103,231,-,-,ALOD2Vec,AllPairs
conference,ALOD2Vec_AllPairs_MergeCenterMaxtrue,PROPERTIES,0.14814814814814814,0.18968253968253967,0.15873015873015872,0.1663621334725485,0.20588235294117646,0.30434782608695654,0.2727272727272727,0.2456140350877193,14,12,54,32,68,-,-,ALOD2Vec,AllPairs
conference,ALOD2Vec_AllPairs_MergeCenterMaxtrue,INSTANCES,0.0,0.0,0.0,0.0,0.0,0.0,0.0,0.0,0,0,0,0,0,-,-,ALOD2Vec,AllPairs
conference,LogMap_AllPairs_CenterMinfalse,ALL,0.8392868340236762,0.6145381469207498,0.22855384578073654,0.7095403951317972,0.817351598173516,0.5868852459016394,0.22839506172839505,0.683206106870229,179,37,40,126,219,1049825676375,00:17:29,LogMap,AllPairs
conference,LogMap_AllPairs_CenterMinfalse,CLASSES,0.8642233661141225,0.6738964436578035,0.20130385487528346,0.7572843796045271,0.8434343434343434,0.6447876447876448,0.2288135593220339,0.7308533916849016,167,27,31,92,198,-,-,LogMap,AllPairs
conference,LogMap_AllPairs_CenterMinfalse,PROPERTIES,0.38095238095238093,0.21190476190476187,0.20238095238095238,0.2723274048575253,0.5714285714285714,0.2608695652173913,0.22727272727272727,0.3582089552238805,12,10,9,34,21,-,-,LogMap,AllPairs
conference,LogMap_AllPairs_CenterMinfalse,INSTANCES,0.0,0.0,0.0,0.0,0.0,0.0,0.0,0.0,0,0,0,0,0,-,-,LogMap,AllPairs
conference,ALOD2Vec_AllPairs_MergeCenterMaxfalse,ALL,0.7064676171045035,0.5367032062736639,0.08900287387682346,0.609994102336107,0.6610169491525424,0.5114754098360655,0.1111111111111111,0.5767097966728281,156,18,80,149,236,1316338597623,00:21:56,ALOD2Vec,AllPairs
conference,ALOD2Vec_AllPairs_MergeCenterMaxfalse,CLASSES,0.7739708495347595,0.6037272853307505,0.06439909297052154,0.6783304819678361,0.736318407960199,0.5714285714285714,0.09322033898305085,0.6434782608695652,148,11,53,111,201,-,-,ALOD2Vec,AllPairs
conference,ALOD2Vec_AllPairs_MergeCenterMaxfalse,PROPERTIES,0.15833333333333335,0.10873015873015872,0.09920634920634919,0.12892521050024766,0.22857142857142856,0.17391304347826086,0.1590909090909091,0.19753086419753085,8,7,27,38,35,-,-,ALOD2Vec,AllPairs
conference,ALOD2Vec_AllPairs_MergeCenterMaxfalse,INSTANCES,0.0,0.0,0.0,0.0,0.0,0.0,0.0,0.0,0,0,0,0,0,-,-,ALOD2Vec,AllPairs
conference,ATBox_AllPairs_StarOneMaxtrue,ALL,0.6425605926335692,0.5964507323557283,0.1876224227064563,0.6186476722681025,0.6183745583038869,0.5737704918032787,0.21604938271604937,0.5952380952380952,175,35,108,130,283,1312965642849,00:21:52,ATBox,AllPairs
conference,ATBox_AllPairs_StarOneMaxtrue,CLASSES,0.7667222988651561,0.6592157282742442,0.17445200302343158,0.7089163610349315,0.7523364485981309,0.6216216216216216,0.1864406779661017,0.6807610993657506,161,22,53,98,214,-,-,ATBox,AllPairs
conference,ATBox_AllPairs_StarOneMaxtrue,PROPERTIES,0.1349206349206349,0.1793650793650794,0.1746031746031746,0.15400032066698735,0.20588235294117646,0.30434782608695654,0.29545454545454547,0.2456140350877193,14,13,54,32,68,-,-,ATBox,AllPairs
conference,ATBox_AllPairs_StarOneMaxtrue,INSTANCES,0.0,0.0,0.0,0.0,0.0,0.0,0.0,0.0,0,0,1,0,1,-,-,ATBox,AllPairs
conference,Paris_AllPairs_Err95,ALL,0.0,0.0,0.0,0.0,0.0,0.0,0.0,0.0,0,0,0,305,0,113949410085,00:01:53,Paris,AllPairs
conference,Paris_AllPairs_Err95,CLASSES,0.0,0.0,0.0,0.0,0.0,0.0,0.0,0.0,0,0,0,259,0,-,-,Paris,AllPairs
conference,Paris_AllPairs_Err95,PROPERTIES,0.0,0.0,0.0,0.0,0.0,0.0,0.0,0.0,0,0,0,46,0,-,-,Paris,AllPairs
conference,Paris_AllPairs_Err95,INSTANCES,0.0,0.0,0.0,0.0,0.0,0.0,0.0,0.0,0,0,0,0,0,-,-,Paris,AllPairs
conference,AML_AllPairs_StarOneMinfalse,ALL,0.845417112319743,0.6783082288601682,0.34965450826795363,0.7526991493908262,0.8410041841004184,0.659016393442623,0.35802469135802467,0.7389705882352942,201,58,38,104,239,1175410595499,00:19:35,AML,AllPairs
conference,AML_AllPairs_StarOneMinfalse,CLASSES,0.8360228029254337,0.7237380589456431,0.3050075585789872,0.7758388294186613,0.8272727272727273,0.7027027027027027,0.3474576271186441,0.7599164926931107,182,41,38,77,220,-,-,AML,AllPairs
conference,AML_AllPairs_StarOneMinfalse,PROPERTIES,0.47619047619047616,0.28809523809523807,0.28095238095238095,0.3589971814270879,1.0,0.41304347826086957,0.38636363636363635,0.5846153846153846,19,17,0,27,19,-,-,AML,AllPairs
conference,AML_AllPairs_StarOneMinfalse,INSTANCES,0.0,0.0,0.0,0.0,0.0,0.0,0.0,0.0,0,0,0,0,0,-,-,AML,AllPairs
conference,ALOD2Vec_AllPairs_CenterMinfalse,ALL,0.5944606332561515,0.5792332492179617,0.14233309485410325,0.5867481619777843,0.568561872909699,0.5573770491803278,0.16666666666666666,0.5629139072847683,170,27,129,135,299,1039502353680,00:17:19,ALOD2Vec,AllPairs
conference,ALOD2Vec_AllPairs_CenterMinfalse,CLASSES,0.7085426835847005,0.6320687134351731,0.10215419501133789,0.6681245041222749,0.6753246753246753,0.6023166023166023,0.1271186440677966,0.6367346938775511,156,15,75,103,231,-,-,ALOD2Vec,AllPairs
conference,ALOD2Vec_AllPairs_CenterMinfalse,PROPERTIES,0.14814814814814814,0.18968253968253967,0.15873015873015875,0.1663621334725485,0.20588235294117646,0.30434782608695654,0.2727272727272727,0.2456140350877193,14,12,54,32,68,-,-,ALOD2Vec,AllPairs
conference,ALOD2Vec_AllPairs_CenterMinfalse,INSTANCES,0.0,0.0,0.0,0.0,0.0,0.0,0.0,0.0,0,0,0,0,0,-,-,ALOD2Vec,AllPairs
conference,ALOD2Vec_AllPairs_Err80,ALL,0.7635652046366332,0.4835227388745935,0.026463918900893692,0.5921012082207187,0.7540983606557377,0.4524590163934426,0.043209876543209874,0.5655737704918032,138,7,45,167,183,986948187120,00:16:26,ALOD2Vec,AllPairs
conference,ALOD2Vec_AllPairs_Err80,CLASSES,0.8562890812890812,0.5650683969088677,0.026643990929705215,0.6808447640744772,0.8616352201257862,0.528957528957529,0.05084745762711865,0.6555023923444977,137,6,22,122,159,-,-,ALOD2Vec,AllPairs
conference,ALOD2Vec_AllPairs_Err80,PROPERTIES,0.023809523809523808,0.007936507936507936,0.007936507936507936,0.011904761904761904,0.041666666666666664,0.021739130434782608,0.022727272727272728,0.028571428571428567,1,1,23,45,24,-,-,ALOD2Vec,AllPairs
conference,ALOD2Vec_AllPairs_Err80,INSTANCES,0.0,0.0,0.0,0.0,0.0,0.0,0.0,0.0,0,0,0,0,0,-,-,ALOD2Vec,AllPairs
conference,Paris_AllPairs_Err90,ALL,0.0,0.0,0.0,0.0,0.0,0.0,0.0,0.0,0,0,0,305,0,113949344229,00:01:53,Paris,AllPairs
conference,Paris_AllPairs_Err90,CLASSES,0.0,0.0,0.0,0.0,0.0,0.0,0.0,0.0,0,0,0,259,0,-,-,Paris,AllPairs
conference,Paris_AllPairs_Err90,PROPERTIES,0.0,0.0,0.0,0.0,0.0,0.0,0.0,0.0,0,0,0,46,0,-,-,Paris,AllPairs
conference,Paris_AllPairs_Err90,INSTANCES,0.0,0.0,0.0,0.0,0.0,0.0,0.0,0.0,0,0,0,0,0,-,-,Paris,AllPairs
conference,LogMap_AllPairs_StarOneMaxtrue,ALL,0.8392868340236762,0.6145381469207498,0.22855384578073648,0.7095403951317972,0.817351598173516,0.5868852459016394,0.22839506172839505,0.683206106870229,179,37,40,126,219,1054599254919,00:17:34,LogMap,AllPairs
conference,LogMap_AllPairs_StarOneMaxtrue,CLASSES,0.8642233661141224,0.6738964436578035,0.20130385487528343,0.757284379604527,0.8434343434343434,0.6447876447876448,0.2288135593220339,0.7308533916849016,167,27,31,92,198,-,-,LogMap,AllPairs
conference,LogMap_AllPairs_StarOneMaxtrue,PROPERTIES,0.38095238095238093,0.21190476190476187,0.20238095238095238,0.2723274048575253,0.5714285714285714,0.2608695652173913,0.22727272727272727,0.3582089552238805,12,10,9,34,21,-,-,LogMap,AllPairs
conference,LogMap_AllPairs_StarOneMaxtrue,INSTANCES,0.0,0.0,0.0,0.0,0.0,0.0,0.0,0.0,0,0,0,0,0,-,-,LogMap,AllPairs
conference,LogMap_AllPairs_Err90,ALL,0.8410881446595733,0.6028186307389911,0.22855384578073648,0.7022940986678696,0.8215962441314554,0.5737704918032787,0.22839506172839505,0.6756756756756755,175,37,38,130,213,1005845483727,00:16:45,LogMap,AllPairs
conference,LogMap_AllPairs_Err90,CLASSES,0.8665459618190712,0.6617410551866256,0.20130385487528346,0.7504206117844998,0.8489583333333334,0.6293436293436293,0.2288135593220339,0.7228381374722838,163,27,29,96,192,-,-,LogMap,AllPairs
conference,LogMap_AllPairs_Err90,PROPERTIES,0.38095238095238093,0.2119047619047619,0.20238095238095238,0.2723274048575253,0.5714285714285714,0.2608695652173913,0.22727272727272727,0.3582089552238805,12,10,9,34,21,-,-,LogMap,AllPairs
conference,LogMap_AllPairs_Err90,INSTANCES,0.0,0.0,0.0,0.0,0.0,0.0,0.0,0.0,0,0,0,0,0,-,-,LogMap,AllPairs
conference,LogMap_AllPairs_StarOneMinfalse,ALL,0.8392868340236764,0.6145381469207497,0.22855384578073656,0.7095403951317972,0.817351598173516,0.5868852459016394,0.22839506172839505,0.683206106870229,179,37,40,126,219,1054618351899,00:17:34,LogMap,AllPairs
conference,LogMap_AllPairs_StarOneMinfalse,CLASSES,0.8642233661141224,0.6738964436578037,0.20130385487528346,0.7572843796045271,0.8434343434343434,0.6447876447876448,0.2288135593220339,0.7308533916849016,167,27,31,92,198,-,-,LogMap,AllPairs
conference,LogMap_AllPairs_StarOneMinfalse,PROPERTIES,0.38095238095238093,0.21190476190476187,0.20238095238095238,0.2723274048575253,0.5714285714285714,0.2608695652173913,0.22727272727272727,0.3582089552238805,12,10,9,34,21,-,-,LogMap,AllPairs
conference,LogMap_AllPairs_StarOneMinfalse,INSTANCES,0.0,0.0,0.0,0.0,0.0,0.0,0.0,0.0,0,0,0,0,0,-,-,LogMap,AllPairs
conference,ALOD2Vec_AllPairs_StarOneMaxfalse,ALL,0.5944606332561515,0.5792332492179616,0.14233309485410325,0.5867481619777842,0.568561872909699,0.5573770491803278,0.16666666666666666,0.5629139072847683,170,27,129,135,299,1030634178546,00:17:10,ALOD2Vec,AllPairs
conference,ALOD2Vec_AllPairs_StarOneMaxfalse,CLASSES,0.7085426835847005,0.6320687134351731,0.10215419501133786,0.6681245041222749,0.6753246753246753,0.6023166023166023,0.1271186440677966,0.6367346938775511,156,15,75,103,231,-,-,ALOD2Vec,AllPairs
conference,ALOD2Vec_AllPairs_StarOneMaxfalse,PROPERTIES,0.14814814814814814,0.18968253968253967,0.15873015873015872,0.1663621334725485,0.20588235294117646,0.30434782608695654,0.2727272727272727,0.2456140350877193,14,12,54,32,68,-,-,ALOD2Vec,AllPairs
conference,ALOD2Vec_AllPairs_StarOneMaxfalse,INSTANCES,0.0,0.0,0.0,0.0,0.0,0.0,0.0,0.0,0,0,0,0,0,-,-,ALOD2Vec,AllPairs
conference,LogMap_AllPairs_ConnectedComponentsfalse,ALL,0.8392868340236762,0.6145381469207498,0.22855384578073654,0.7095403951317972,0.817351598173516,0.5868852459016394,0.22839506172839505,0.683206106870229,179,37,40,126,219,1045708674255,00:17:25,LogMap,AllPairs
conference,LogMap_AllPairs_ConnectedComponentsfalse,CLASSES,0.8642233661141225,0.6738964436578035,0.20130385487528343,0.7572843796045271,0.8434343434343434,0.6447876447876448,0.2288135593220339,0.7308533916849016,167,27,31,92,198,-,-,LogMap,AllPairs
conference,LogMap_AllPairs_ConnectedComponentsfalse,PROPERTIES,0.38095238095238093,0.2119047619047619,0.20238095238095238,0.2723274048575253,0.5714285714285714,0.2608695652173913,0.22727272727272727,0.3582089552238805,12,10,9,34,21,-,-,LogMap,AllPairs
conference,LogMap_AllPairs_ConnectedComponentsfalse,INSTANCES,0.0,0.0,0.0,0.0,0.0,0.0,0.0,0.0,0,0,0,0,0,-,-,LogMap,AllPairs
conference,AML_AllPairs_CenterMaxtrue,ALL,0.8454171123197428,0.6783082288601682,0.3496545082679537,0.752699149390826,0.8410041841004184,0.659016393442623,0.35802469135802467,0.7389705882352942,201,58,38,104,239,1160714257773,00:19:20,AML,AllPairs
conference,AML_AllPairs_CenterMaxtrue,CLASSES,0.8360228029254337,0.7237380589456432,0.30500755857898715,0.7758388294186614,0.8272727272727273,0.7027027027027027,0.3474576271186441,0.7599164926931107,182,41,38,77,220,-,-,AML,AllPairs
conference,AML_AllPairs_CenterMaxtrue,PROPERTIES,0.47619047619047616,0.2880952380952381,0.28095238095238095,0.35899718142708803,1.0,0.41304347826086957,0.38636363636363635,0.5846153846153846,19,17,0,27,19,-,-,AML,AllPairs
conference,AML_AllPairs_CenterMaxtrue,INSTANCES,0.0,0.0,0.0,0.0,0.0,0.0,0.0,0.0,0,0,0,0,0,-,-,AML,AllPairs
conference,Paris_AllPairs_CenterMaxfalse,ALL,0.0,0.0,0.0,0.0,0.0,0.0,0.0,0.0,0,0,0,305,0,167165424699,00:02:47,Paris,AllPairs
conference,Paris_AllPairs_CenterMaxfalse,CLASSES,0.0,0.0,0.0,0.0,0.0,0.0,0.0,0.0,0,0,0,259,0,-,-,Paris,AllPairs
conference,Paris_AllPairs_CenterMaxfalse,PROPERTIES,0.0,0.0,0.0,0.0,0.0,0.0,0.0,0.0,0,0,0,46,0,-,-,Paris,AllPairs
conference,Paris_AllPairs_CenterMaxfalse,INSTANCES,0.0,0.0,0.0,0.0,0.0,0.0,0.0,0.0,0,0,0,0,0,-,-,Paris,AllPairs
conference,ATBox_AllPairs_MergeCenterMaxfalse,ALL,0.6425605926335693,0.5964507323557281,0.1876224227064563,0.6186476722681025,0.6183745583038869,0.5737704918032787,0.21604938271604937,0.5952380952380952,175,35,108,130,283,1307615101905,00:21:47,ATBox,AllPairs
conference,ATBox_AllPairs_MergeCenterMaxfalse,CLASSES,0.7667222988651561,0.6592157282742442,0.17445200302343158,0.7089163610349315,0.7523364485981309,0.6216216216216216,0.1864406779661017,0.6807610993657506,161,22,53,98,214,-,-,ATBox,AllPairs
conference,ATBox_AllPairs_MergeCenterMaxfalse,PROPERTIES,0.13492063492063494,0.1793650793650794,0.1746031746031746,0.15400032066698735,0.20588235294117646,0.30434782608695654,0.29545454545454547,0.2456140350877193,14,13,54,32,68,-,-,ATBox,AllPairs
conference,ATBox_AllPairs_MergeCenterMaxfalse,INSTANCES,0.0,0.0,0.0,0.0,0.0,0.0,0.0,0.0,0,0,1,0,1,-,-,ATBox,AllPairs
conference,ALOD2Vec_AllPairs_CenterMaxtrue,ALL,0.5944606332561514,0.5792332492179616,0.14233309485410323,0.5867481619777841,0.568561872909699,0.5573770491803278,0.16666666666666666,0.5629139072847683,170,27,129,135,299,1036211961897,00:17:16,ALOD2Vec,AllPairs
conference,ALOD2Vec_AllPairs_CenterMaxtrue,CLASSES,0.7085426835847005,0.6320687134351731,0.10215419501133789,0.6681245041222749,0.6753246753246753,0.6023166023166023,0.1271186440677966,0.6367346938775511,156,15,75,103,231,-,-,ALOD2Vec,AllPairs
conference,ALOD2Vec_AllPairs_CenterMaxtrue,PROPERTIES,0.14814814814814814,0.18968253968253967,0.15873015873015875,0.1663621334725485,0.20588235294117646,0.30434782608695654,0.2727272727272727,0.2456140350877193,14,12,54,32,68,-,-,ALOD2Vec,AllPairs
conference,ALOD2Vec_AllPairs_CenterMaxtrue,INSTANCES,0.0,0.0,0.0,0.0,0.0,0.0,0.0,0.0,0,0,0,0,0,-,-,ALOD2Vec,AllPairs
conference,Paris_AllPairs_Err99,ALL,0.0,0.0,0.0,0.0,0.0,0.0,0.0,0.0,0,0,0,305,0,113949609081,00:01:53,Paris,AllPairs
conference,Paris_AllPairs_Err99,CLASSES,0.0,0.0,0.0,0.0,0.0,0.0,0.0,0.0,0,0,0,259,0,-,-,Paris,AllPairs
conference,Paris_AllPairs_Err99,PROPERTIES,0.0,0.0,0.0,0.0,0.0,0.0,0.0,0.0,0,0,0,46,0,-,-,Paris,AllPairs
conference,Paris_AllPairs_Err99,INSTANCES,0.0,0.0,0.0,0.0,0.0,0.0,0.0,0.0,0,0,0,0,0,-,-,Paris,AllPairs
conference,AML_AllPairs_CenterMintrue,ALL,0.845417112319743,0.6783082288601682,0.3496545082679537,0.7526991493908262,0.8410041841004184,0.659016393442623,0.35802469135802467,0.7389705882352942,201,58,38,104,239,1160652596376,00:19:20,AML,AllPairs
conference,AML_AllPairs_CenterMintrue,CLASSES,0.8360228029254337,0.7237380589456431,0.30500755857898715,0.7758388294186613,0.8272727272727273,0.7027027027027027,0.3474576271186441,0.7599164926931107,182,41,38,77,220,-,-,AML,AllPairs
conference,AML_AllPairs_CenterMintrue,PROPERTIES,0.47619047619047616,0.28809523809523807,0.28095238095238095,0.3589971814270879,1.0,0.41304347826086957,0.38636363636363635,0.5846153846153846,19,17,0,27,19,-,-,AML,AllPairs
conference,AML_AllPairs_CenterMintrue,INSTANCES,0.0,0.0,0.0,0.0,0.0,0.0,0.0,0.0,0,0,0,0,0,-,-,AML,AllPairs
conference,ALOD2Vec_AllPairs_StarTwoMinfalse,ALL,0.5944606332561514,0.5792332492179616,0.14233309485410325,0.5867481619777841,0.568561872909699,0.5573770491803278,0.16666666666666666,0.5629139072847683,170,27,129,135,299,1033309518444,00:17:13,ALOD2Vec,AllPairs
conference,ALOD2Vec_AllPairs_StarTwoMinfalse,CLASSES,0.7085426835847004,0.6320687134351731,0.10215419501133789,0.6681245041222749,0.6753246753246753,0.6023166023166023,0.1271186440677966,0.6367346938775511,156,15,75,103,231,-,-,ALOD2Vec,AllPairs
conference,ALOD2Vec_AllPairs_StarTwoMinfalse,PROPERTIES,0.14814814814814814,0.18968253968253967,0.15873015873015872,0.1663621334725485,0.20588235294117646,0.30434782608695654,0.2727272727272727,0.2456140350877193,14,12,54,32,68,-,-,ALOD2Vec,AllPairs
conference,ALOD2Vec_AllPairs_StarTwoMinfalse,INSTANCES,0.0,0.0,0.0,0.0,0.0,0.0,0.0,0.0,0,0,0,0,0,-,-,ALOD2Vec,AllPairs
conference,ALOD2Vec_AllPairs_CenterMintrue,ALL,0.5944606332561514,0.5792332492179616,0.14233309485410323,0.5867481619777841,0.568561872909699,0.5573770491803278,0.16666666666666666,0.5629139072847683,170,27,129,135,299,1044931887888,00:17:24,ALOD2Vec,AllPairs
conference,ALOD2Vec_AllPairs_CenterMintrue,CLASSES,0.7085426835847004,0.6320687134351731,0.10215419501133786,0.6681245041222749,0.6753246753246753,0.6023166023166023,0.1271186440677966,0.6367346938775511,156,15,75,103,231,-,-,ALOD2Vec,AllPairs
conference,ALOD2Vec_AllPairs_CenterMintrue,PROPERTIES,0.14814814814814814,0.18968253968253967,0.15873015873015872,0.1663621334725485,0.20588235294117646,0.30434782608695654,0.2727272727272727,0.2456140350877193,14,12,54,32,68,-,-,ALOD2Vec,AllPairs
conference,ALOD2Vec_AllPairs_CenterMintrue,INSTANCES,0.0,0.0,0.0,0.0,0.0,0.0,0.0,0.0,0,0,0,0,0,-,-,ALOD2Vec,AllPairs
conference,Paris_AllPairs,ALL,0.0,0.0,0.0,0.0,0.0,0.0,0.0,0.0,0,0,0,305,0,113948670675,00:01:53,Paris,AllPairs
conference,Paris_AllPairs,CLASSES,0.0,0.0,0.0,0.0,0.0,0.0,0.0,0.0,0,0,0,259,0,-,-,Paris,AllPairs
conference,Paris_AllPairs,PROPERTIES,0.0,0.0,0.0,0.0,0.0,0.0,0.0,0.0,0,0,0,46,0,-,-,Paris,AllPairs
conference,Paris_AllPairs,INSTANCES,0.0,0.0,0.0,0.0,0.0,0.0,0.0,0.0,0,0,0,0,0,-,-,Paris,AllPairs
conference,ATBox_AllPairs_Err99,ALL,0.6425605926335693,0.5964507323557282,0.1876224227064563,0.6186476722681025,0.6183745583038869,0.5737704918032787,0.21604938271604937,0.5952380952380952,175,35,108,130,283,1268084059662,00:21:08,ATBox,AllPairs
conference,ATBox_AllPairs_Err99,CLASSES,0.7667222988651561,0.6592157282742441,0.17445200302343156,0.7089163610349316,0.7523364485981309,0.6216216216216216,0.1864406779661017,0.6807610993657506,161,22,53,98,214,-,-,ATBox,AllPairs
conference,ATBox_AllPairs_Err99,PROPERTIES,0.1349206349206349,0.17936507936507934,0.1746031746031746,0.15400032066698732,0.20588235294117646,0.30434782608695654,0.29545454545454547,0.2456140350877193,14,13,54,32,68,-,-,ATBox,AllPairs
conference,ATBox_AllPairs_Err99,INSTANCES,0.0,0.0,0.0,0.0,0.0,0.0,0.0,0.0,0,0,1,0,1,-,-,ATBox,AllPairs
conference,ATBox_AllPairs_CenterMaxtrue,ALL,0.6425605926335692,0.5964507323557282,0.1876224227064563,0.6186476722681025,0.6183745583038869,0.5737704918032787,0.21604938271604937,0.5952380952380952,175,35,108,130,283,1324508922891,00:22:04,ATBox,AllPairs
conference,ATBox_AllPairs_CenterMaxtrue,CLASSES,0.7667222988651561,0.6592157282742441,0.17445200302343158,0.7089163610349316,0.7523364485981309,0.6216216216216216,0.1864406779661017,0.6807610993657506,161,22,53,98,214,-,-,ATBox,AllPairs
conference,ATBox_AllPairs_CenterMaxtrue,PROPERTIES,0.13492063492063494,0.17936507936507937,0.1746031746031746,0.15400032066698735,0.20588235294117646,0.30434782608695654,0.29545454545454547,0.2456140350877193,14,13,54,32,68,-,-,ATBox,AllPairs
conference,ATBox_AllPairs_CenterMaxtrue,INSTANCES,0.0,0.0,0.0,0.0,0.0,0.0,0.0,0.0,0,0,1,0,1,-,-,ATBox,AllPairs
conference,Paris_AllPairs_Err80,ALL,0.0,0.0,0.0,0.0,0.0,0.0,0.0,0.0,0,0,0,305,0,113949281565,00:01:53,Paris,AllPairs
conference,Paris_AllPairs_Err80,CLASSES,0.0,0.0,0.0,0.0,0.0,0.0,0.0,0.0,0,0,0,259,0,-,-,Paris,AllPairs
conference,Paris_AllPairs_Err80,PROPERTIES,0.0,0.0,0.0,0.0,0.0,0.0,0.0,0.0,0,0,0,46,0,-,-,Paris,AllPairs
conference,Paris_AllPairs_Err80,INSTANCES,0.0,0.0,0.0,0.0,0.0,0.0,0.0,0.0,0,0,0,0,0,-,-,Paris,AllPairs
conference,ATBox_AllPairs_StarOneMaxfalse,ALL,0.6425605926335692,0.5964507323557283,0.18762242270645632,0.6186476722681025,0.6183745583038869,0.5737704918032787,0.21604938271604937,0.5952380952380952,175,35,108,130,283,1319352201615,00:21:59,ATBox,AllPairs
conference,ATBox_AllPairs_StarOneMaxfalse,CLASSES,0.7667222988651559,0.6592157282742441,0.1744520030234316,0.7089163610349314,0.7523364485981309,0.6216216216216216,0.1864406779661017,0.6807610993657506,161,22,53,98,214,-,-,ATBox,AllPairs
conference,ATBox_AllPairs_StarOneMaxfalse,PROPERTIES,0.1349206349206349,0.17936507936507937,0.17460317460317462,0.15400032066698732,0.20588235294117646,0.30434782608695654,0.29545454545454547,0.2456140350877193,14,13,54,32,68,-,-,ATBox,AllPairs
conference,ATBox_AllPairs_StarOneMaxfalse,INSTANCES,0.0,0.0,0.0,0.0,0.0,0.0,0.0,0.0,0,0,1,0,1,-,-,ATBox,AllPairs
conference,ATBox_AllPairs_Err95,ALL,0.6425605926335692,0.5964507323557281,0.1876224227064563,0.6186476722681024,0.6183745583038869,0.5737704918032787,0.21604938271604937,0.5952380952380952,175,35,108,130,283,1268083523028,00:21:08,ATBox,AllPairs
conference,ATBox_AllPairs_Err95,CLASSES,0.7667222988651561,0.6592157282742439,0.17445200302343158,0.7089163610349314,0.7523364485981309,0.6216216216216216,0.1864406779661017,0.6807610993657506,161,22,53,98,214,-,-,ATBox,AllPairs
conference,ATBox_AllPairs_Err95,PROPERTIES,0.1349206349206349,0.1793650793650794,0.1746031746031746,0.15400032066698735,0.20588235294117646,0.30434782608695654,0.29545454545454547,0.2456140350877193,14,13,54,32,68,-,-,ATBox,AllPairs
conference,ATBox_AllPairs_Err95,INSTANCES,0.0,0.0,0.0,0.0,0.0,0.0,0.0,0.0,0,0,1,0,1,-,-,ATBox,AllPairs
conference,AML_AllPairs_StarTwoMaxtrue,ALL,0.845417112319743,0.6783082288601682,0.34965450826795363,0.7526991493908262,0.8410041841004184,0.659016393442623,0.35802469135802467,0.7389705882352942,201,58,38,104,239,1160313612507,00:19:20,AML,AllPairs
conference,AML_AllPairs_StarTwoMaxtrue,CLASSES,0.8360228029254337,0.7237380589456432,0.30500755857898715,0.7758388294186614,0.8272727272727273,0.7027027027027027,0.3474576271186441,0.7599164926931107,182,41,38,77,220,-,-,AML,AllPairs
conference,AML_AllPairs_StarTwoMaxtrue,PROPERTIES,0.47619047619047616,0.28809523809523807,0.28095238095238095,0.3589971814270879,1.0,0.41304347826086957,0.38636363636363635,0.5846153846153846,19,17,0,27,19,-,-,AML,AllPairs
conference,AML_AllPairs_StarTwoMaxtrue,INSTANCES,0.0,0.0,0.0,0.0,0.0,0.0,0.0,0.0,0,0,0,0,0,-,-,AML,AllPairs
conference,LogMap_AllPairs_Err60,ALL,0.5973544973544973,0.09976123208133861,0.09006390434961864,0.17096966293857935,0.75,0.10819672131147541,0.08024691358024691,0.18911174785100288,33,13,11,272,44,1005846083046,00:16:45,LogMap,AllPairs
conference,LogMap_AllPairs_Err60,CLASSES,0.501984126984127,0.07306579312953944,0.039285714285714285,0.12756411954386432,0.8846153846153846,0.0888030888030888,0.0423728813559322,0.16140350877192983,23,5,3,236,26,-,-,LogMap,AllPairs
conference,LogMap_AllPairs_Err60,PROPERTIES,0.3333333333333333,0.17619047619047618,0.14285714285714285,0.23052959501557632,0.5555555555555556,0.21739130434782608,0.18181818181818182,0.3125,10,8,8,36,18,-,-,LogMap,AllPairs
conference,LogMap_AllPairs_Err60,INSTANCES,0.0,0.0,0.0,0.0,0.0,0.0,0.0,0.0,0,0,0,0,0,-,-,LogMap,AllPairs
conference,LogMap_AllPairs_CenterMaxfalse,ALL,0.8392868340236764,0.6145381469207497,0.22855384578073654,0.7095403951317972,0.817351598173516,0.5868852459016394,0.22839506172839505,0.683206106870229,179,37,40,126,219,1054737893160,00:17:34,LogMap,AllPairs
conference,LogMap_AllPairs_CenterMaxfalse,CLASSES,0.8642233661141225,0.6738964436578038,0.20130385487528346,0.7572843796045272,0.8434343434343434,0.6447876447876448,0.2288135593220339,0.7308533916849016,167,27,31,92,198,-,-,LogMap,AllPairs
conference,LogMap_AllPairs_CenterMaxfalse,PROPERTIES,0.38095238095238093,0.21190476190476187,0.20238095238095238,0.2723274048575253,0.5714285714285714,0.2608695652173913,0.22727272727272727,0.3582089552238805,12,10,9,34,21,-,-,LogMap,AllPairs
conference,LogMap_AllPairs_CenterMaxfalse,INSTANCES,0.0,0.0,0.0,0.0,0.0,0.0,0.0,0.0,0,0,0,0,0,-,-,LogMap,AllPairs
conference,LogMap_AllPairs,ALL,0.8392868340236761,0.6145381469207498,0.22855384578073654,0.7095403951317972,0.817351598173516,0.5868852459016394,0.22839506172839505,0.683206106870229,179,37,40,126,219,1005840263190,00:16:45,LogMap,AllPairs
conference,LogMap_AllPairs,CLASSES,0.8642233661141225,0.6738964436578035,0.20130385487528346,0.7572843796045271,0.8434343434343434,0.6447876447876448,0.2288135593220339,0.7308533916849016,167,27,31,92,198,-,-,LogMap,AllPairs
conference,LogMap_AllPairs,PROPERTIES,0.38095238095238093,0.21190476190476187,0.20238095238095238,0.2723274048575253,0.5714285714285714,0.2608695652173913,0.22727272727272727,0.3582089552238805,12,10,9,34,21,-,-,LogMap,AllPairs
conference,LogMap_AllPairs,INSTANCES,0.0,0.0,0.0,0.0,0.0,0.0,0.0,0.0,0,0,0,0,0,-,-,LogMap,AllPairs
conference,AML_AllPairs_StarOneMintrue,ALL,0.8454171123197428,0.6783082288601682,0.34965450826795363,0.752699149390826,0.8410041841004184,0.659016393442623,0.35802469135802467,0.7389705882352942,201,58,38,104,239,1157813269557,00:19:17,AML,AllPairs
conference,AML_AllPairs_StarOneMintrue,CLASSES,0.8360228029254335,0.7237380589456431,0.30500755857898715,0.7758388294186614,0.8272727272727273,0.7027027027027027,0.3474576271186441,0.7599164926931107,182,41,38,77,220,-,-,AML,AllPairs
conference,AML_AllPairs_StarOneMintrue,PROPERTIES,0.47619047619047616,0.28809523809523807,0.28095238095238095,0.3589971814270879,1.0,0.41304347826086957,0.38636363636363635,0.5846153846153846,19,17,0,27,19,-,-,AML,AllPairs
conference,AML_AllPairs_StarOneMintrue,INSTANCES,0.0,0.0,0.0,0.0,0.0,0.0,0.0,0.0,0,0,0,0,0,-,-,AML,AllPairs
conference,LogMap_AllPairs_CenterMaxtrue,ALL,0.8392868340236762,0.6145381469207498,0.22855384578073648,0.7095403951317972,0.817351598173516,0.5868852459016394,0.22839506172839505,0.683206106870229,179,37,40,126,219,1052890118049,00:17:32,LogMap,AllPairs
conference,LogMap_AllPairs_CenterMaxtrue,CLASSES,0.8642233661141222,0.6738964436578035,0.20130385487528346,0.7572843796045269,0.8434343434343434,0.6447876447876448,0.2288135593220339,0.7308533916849016,167,27,31,92,198,-,-,LogMap,AllPairs
conference,LogMap_AllPairs_CenterMaxtrue,PROPERTIES,0.38095238095238093,0.2119047619047619,0.20238095238095238,0.2723274048575253,0.5714285714285714,0.2608695652173913,0.22727272727272727,0.3582089552238805,12,10,9,34,21,-,-,LogMap,AllPairs
conference,LogMap_AllPairs_CenterMaxtrue,INSTANCES,0.0,0.0,0.0,0.0,0.0,0.0,0.0,0.0,0,0,0,0,0,-,-,LogMap,AllPairs
conference,ATBox_AllPairs_StarTwoMaxtrue,ALL,0.6425605926335692,0.5964507323557281,0.18762242270645635,0.6186476722681024,0.6183745583038869,0.5737704918032787,0.21604938271604937,0.5952380952380952,175,35,108,130,283,1319214156498,00:21:59,ATBox,AllPairs
conference,ATBox_AllPairs_StarTwoMaxtrue,CLASSES,0.7667222988651561,0.6592157282742442,0.17445200302343158,0.7089163610349315,0.7523364485981309,0.6216216216216216,0.1864406779661017,0.6807610993657506,161,22,53,98,214,-,-,ATBox,AllPairs
conference,ATBox_AllPairs_StarTwoMaxtrue,PROPERTIES,0.1349206349206349,0.17936507936507937,0.1746031746031746,0.15400032066698732,0.20588235294117646,0.30434782608695654,0.29545454545454547,0.2456140350877193,14,13,54,32,68,-,-,ATBox,AllPairs
conference,ATBox_AllPairs_StarTwoMaxtrue,INSTANCES,0.0,0.0,0.0,0.0,0.0,0.0,0.0,0.0,0,0,1,0,1,-,-,ATBox,AllPairs
conference,ATBox_AllPairs_StarTwoMintrue,ALL,0.6425605926335692,0.5964507323557282,0.1876224227064563,0.6186476722681025,0.6183745583038869,0.5737704918032787,0.21604938271604937,0.5952380952380952,175,35,108,130,283,1318525617885,00:21:58,ATBox,AllPairs
conference,ATBox_AllPairs_StarTwoMintrue,CLASSES,0.7667222988651559,0.6592157282742444,0.1744520030234316,0.7089163610349316,0.7523364485981309,0.6216216216216216,0.1864406779661017,0.6807610993657506,161,22,53,98,214,-,-,ATBox,AllPairs
conference,ATBox_AllPairs_StarTwoMintrue,PROPERTIES,0.1349206349206349,0.17936507936507937,0.1746031746031746,0.15400032066698732,0.20588235294117646,0.30434782608695654,0.29545454545454547,0.2456140350877193,14,13,54,32,68,-,-,ATBox,AllPairs
conference,ATBox_AllPairs_StarTwoMintrue,INSTANCES,0.0,0.0,0.0,0.0,0.0,0.0,0.0,0.0,0,0,1,0,1,-,-,ATBox,AllPairs
conference,AML_AllPairs_StarOneMaxfalse,ALL,0.8454171123197431,0.6783082288601683,0.3496545082679537,0.7526991493908263,0.8410041841004184,0.659016393442623,0.35802469135802467,0.7389705882352942,201,58,38,104,239,1154514611649,00:19:14,AML,AllPairs
conference,AML_AllPairs_StarOneMaxfalse,CLASSES,0.8360228029254335,0.7237380589456431,0.3050075585789872,0.7758388294186614,0.8272727272727273,0.7027027027027027,0.3474576271186441,0.7599164926931107,182,41,38,77,220,-,-,AML,AllPairs
conference,AML_AllPairs_StarOneMaxfalse,PROPERTIES,0.47619047619047616,0.28809523809523807,0.28095238095238095,0.3589971814270879,1.0,0.41304347826086957,0.38636363636363635,0.5846153846153846,19,17,0,27,19,-,-,AML,AllPairs
conference,AML_AllPairs_StarOneMaxfalse,INSTANCES,0.0,0.0,0.0,0.0,0.0,0.0,0.0,0.0,0,0,0,0,0,-,-,AML,AllPairs
conference,ALOD2Vec_AllPairs_StarOneMinfalse,ALL,0.5944606332561514,0.5792332492179616,0.14233309485410325,0.5867481619777841,0.568561872909699,0.5573770491803278,0.16666666666666666,0.5629139072847683,170,27,129,135,299,1036030905693,00:17:16,ALOD2Vec,AllPairs
conference,ALOD2Vec_AllPairs_StarOneMinfalse,CLASSES,0.7085426835847005,0.6320687134351731,0.10215419501133789,0.6681245041222749,0.6753246753246753,0.6023166023166023,0.1271186440677966,0.6367346938775511,156,15,75,103,231,-,-,ALOD2Vec,AllPairs
conference,ALOD2Vec_AllPairs_StarOneMinfalse,PROPERTIES,0.14814814814814814,0.18968253968253967,0.15873015873015872,0.1663621334725485,0.20588235294117646,0.30434782608695654,0.2727272727272727,0.2456140350877193,14,12,54,32,68,-,-,ALOD2Vec,AllPairs
conference,ALOD2Vec_AllPairs_StarOneMinfalse,INSTANCES,0.0,0.0,0.0,0.0,0.0,0.0,0.0,0.0,0,0,0,0,0,-,-,ALOD2Vec,AllPairs
conference,ALOD2Vec_AllPairs_Err60,ALL,0.8278602350030924,0.408906042809856,0.0,0.547422837714128,0.8134328358208955,0.35737704918032787,0.0,0.49658314350797267,109,0,25,196,134,986947035543,00:16:26,ALOD2Vec,AllPairs
conference,ALOD2Vec_AllPairs_Err60,CLASSES,0.8465986394557823,0.4816804851947056,0.0,0.6140125758967133,0.8449612403100775,0.42084942084942084,0.0,0.5618556701030927,109,0,20,150,129,-,-,ALOD2Vec,AllPairs
conference,ALOD2Vec_AllPairs_Err60,PROPERTIES,0.0,0.0,0.0,0.0,0.0,0.0,0.0,0.0,0,0,5,46,5,-,-,ALOD2Vec,AllPairs
conference,ALOD2Vec_AllPairs_Err60,INSTANCES,0.0,0.0,0.0,0.0,0.0,0.0,0.0,0.0,0,0,0,0,0,-,-,ALOD2Vec,AllPairs
conference,ATBox_AllPairs_CenterMinfalse,ALL,0.642560592633569,0.5964507323557281,0.1876224227064563,0.6186476722681022,0.6183745583038869,0.5737704918032787,0.21604938271604937,0.5952380952380952,175,35,108,130,283,1319983674849,00:21:59,ATBox,AllPairs
conference,ATBox_AllPairs_CenterMinfalse,CLASSES,0.7667222988651559,0.6592157282742441,0.17445200302343158,0.7089163610349314,0.7523364485981309,0.6216216216216216,0.1864406779661017,0.6807610993657506,161,22,53,98,214,-,-,ATBox,AllPairs
conference,ATBox_AllPairs_CenterMinfalse,PROPERTIES,0.13492063492063494,0.1793650793650794,0.1746031746031746,0.15400032066698735,0.20588235294117646,0.30434782608695654,0.29545454545454547,0.2456140350877193,14,13,54,32,68,-,-,ATBox,AllPairs
conference,ATBox_AllPairs_CenterMinfalse,INSTANCES,0.0,0.0,0.0,0.0,0.0,0.0,0.0,0.0,0,0,1,0,1,-,-,ATBox,AllPairs
conference,Paris_AllPairs_CLIPfalse,ALL,0.0,0.0,0.0,0.0,0.0,0.0,0.0,0.0,0,0,0,305,0,125279588217,00:02:05,Paris,AllPairs
conference,Paris_AllPairs_CLIPfalse,CLASSES,0.0,0.0,0.0,0.0,0.0,0.0,0.0,0.0,0,0,0,259,0,-,-,Paris,AllPairs
conference,Paris_AllPairs_CLIPfalse,PROPERTIES,0.0,0.0,0.0,0.0,0.0,0.0,0.0,0.0,0,0,0,46,0,-,-,Paris,AllPairs
conference,Paris_AllPairs_CLIPfalse,INSTANCES,0.0,0.0,0.0,0.0,0.0,0.0,0.0,0.0,0,0,0,0,0,-,-,Paris,AllPairs
conference,Paris_AllPairs_ConnectedComponentsfalse,ALL,0.0,0.0,0.0,0.0,0.0,0.0,0.0,0.0,0,0,0,305,0,182883766779,00:03:02,Paris,AllPairs
conference,Paris_AllPairs_ConnectedComponentsfalse,CLASSES,0.0,0.0,0.0,0.0,0.0,0.0,0.0,0.0,0,0,0,259,0,-,-,Paris,AllPairs
conference,Paris_AllPairs_ConnectedComponentsfalse,PROPERTIES,0.0,0.0,0.0,0.0,0.0,0.0,0.0,0.0,0,0,0,46,0,-,-,Paris,AllPairs
conference,Paris_AllPairs_ConnectedComponentsfalse,INSTANCES,0.0,0.0,0.0,0.0,0.0,0.0,0.0,0.0,0,0,0,0,0,-,-,Paris,AllPairs
conference,Paris_AllPairs_ConnectedComponentstrue,ALL,0.0,0.0,0.0,0.0,0.0,0.0,0.0,0.0,0,0,0,305,0,175841652882,00:02:55,Paris,AllPairs
conference,Paris_AllPairs_ConnectedComponentstrue,CLASSES,0.0,0.0,0.0,0.0,0.0,0.0,0.0,0.0,0,0,0,259,0,-,-,Paris,AllPairs
conference,Paris_AllPairs_ConnectedComponentstrue,PROPERTIES,0.0,0.0,0.0,0.0,0.0,0.0,0.0,0.0,0,0,0,46,0,-,-,Paris,AllPairs
conference,Paris_AllPairs_ConnectedComponentstrue,INSTANCES,0.0,0.0,0.0,0.0,0.0,0.0,0.0,0.0,0,0,0,0,0,-,-,Paris,AllPairs
conference,LogMap_AllPairs_CenterMintrue,ALL,0.8392868340236762,0.6145381469207498,0.22855384578073654,0.7095403951317972,0.817351598173516,0.5868852459016394,0.22839506172839505,0.683206106870229,179,37,40,126,219,1056778440459,00:17:36,LogMap,AllPairs
conference,LogMap_AllPairs_CenterMintrue,CLASSES,0.8642233661141224,0.6738964436578037,0.20130385487528343,0.7572843796045271,0.8434343434343434,0.6447876447876448,0.2288135593220339,0.7308533916849016,167,27,31,92,198,-,-,LogMap,AllPairs
conference,LogMap_AllPairs_CenterMintrue,PROPERTIES,0.38095238095238093,0.2119047619047619,0.20238095238095238,0.2723274048575253,0.5714285714285714,0.2608695652173913,0.22727272727272727,0.3582089552238805,12,10,9,34,21,-,-,LogMap,AllPairs
conference,LogMap_AllPairs_CenterMintrue,INSTANCES,0.0,0.0,0.0,0.0,0.0,0.0,0.0,0.0,0,0,0,0,0,-,-,LogMap,AllPairs
conference,ATBox_AllPairs_CenterMaxfalse,ALL,0.6425605926335691,0.5964507323557281,0.1876224227064563,0.6186476722681022,0.6183745583038869,0.5737704918032787,0.21604938271604937,0.5952380952380952,175,35,108,130,283,1314745006491,00:21:54,ATBox,AllPairs
conference,ATBox_AllPairs_CenterMaxfalse,CLASSES,0.7667222988651559,0.6592157282742442,0.17445200302343158,0.7089163610349316,0.7523364485981309,0.6216216216216216,0.1864406779661017,0.6807610993657506,161,22,53,98,214,-,-,ATBox,AllPairs
conference,ATBox_AllPairs_CenterMaxfalse,PROPERTIES,0.13492063492063494,0.17936507936507937,0.17460317460317462,0.15400032066698735,0.20588235294117646,0.30434782608695654,0.29545454545454547,0.2456140350877193,14,13,54,32,68,-,-,ATBox,AllPairs
conference,ATBox_AllPairs_CenterMaxfalse,INSTANCES,0.0,0.0,0.0,0.0,0.0,0.0,0.0,0.0,0,0,1,0,1,-,-,ATBox,AllPairs
conference,ATBox_AllPairs_CenterMintrue,ALL,0.6425605926335691,0.5964507323557282,0.1876224227064563,0.6186476722681024,0.6183745583038869,0.5737704918032787,0.21604938271604937,0.5952380952380952,175,35,108,130,283,1315266976884,00:21:55,ATBox,AllPairs
conference,ATBox_AllPairs_CenterMintrue,CLASSES,0.7667222988651561,0.6592157282742442,0.1744520030234316,0.7089163610349315,0.7523364485981309,0.6216216216216216,0.1864406779661017,0.6807610993657506,161,22,53,98,214,-,-,ATBox,AllPairs
conference,ATBox_AllPairs_CenterMintrue,PROPERTIES,0.13492063492063494,0.17936507936507937,0.1746031746031746,0.15400032066698735,0.20588235294117646,0.30434782608695654,0.29545454545454547,0.2456140350877193,14,13,54,32,68,-,-,ATBox,AllPairs
conference,ATBox_AllPairs_CenterMintrue,INSTANCES,0.0,0.0,0.0,0.0,0.0,0.0,0.0,0.0,0,0,1,0,1,-,-,ATBox,AllPairs
conference,Paris_AllPairs_MergeCenterMaxtrue,ALL,0.0,0.0,0.0,0.0,0.0,0.0,0.0,0.0,0,0,0,305,0,160723201422,00:02:40,Paris,AllPairs
conference,Paris_AllPairs_MergeCenterMaxtrue,CLASSES,0.0,0.0,0.0,0.0,0.0,0.0,0.0,0.0,0,0,0,259,0,-,-,Paris,AllPairs
conference,Paris_AllPairs_MergeCenterMaxtrue,PROPERTIES,0.0,0.0,0.0,0.0,0.0,0.0,0.0,0.0,0,0,0,46,0,-,-,Paris,AllPairs
conference,Paris_AllPairs_MergeCenterMaxtrue,INSTANCES,0.0,0.0,0.0,0.0,0.0,0.0,0.0,0.0,0,0,0,0,0,-,-,Paris,AllPairs
conference,ATBox_AllPairs_ConnectedComponentsfalse,ALL,0.6425605926335693,0.5964507323557282,0.1876224227064563,0.6186476722681025,0.6183745583038869,0.5737704918032787,0.21604938271604937,0.5952380952380952,175,35,108,130,283,1332813735771,00:22:12,ATBox,AllPairs
conference,ATBox_AllPairs_ConnectedComponentsfalse,CLASSES,0.7667222988651559,0.6592157282742444,0.17445200302343158,0.7089163610349316,0.7523364485981309,0.6216216216216216,0.1864406779661017,0.6807610993657506,161,22,53,98,214,-,-,ATBox,AllPairs
conference,ATBox_AllPairs_ConnectedComponentsfalse,PROPERTIES,0.1349206349206349,0.17936507936507934,0.1746031746031746,0.15400032066698732,0.20588235294117646,0.30434782608695654,0.29545454545454547,0.2456140350877193,14,13,54,32,68,-,-,ATBox,AllPairs
conference,ATBox_AllPairs_ConnectedComponentsfalse,INSTANCES,0.0,0.0,0.0,0.0,0.0,0.0,0.0,0.0,0,0,1,0,1,-,-,ATBox,AllPairs
conference,ALOD2Vec_AllPairs_ConnectedComponentstrue,ALL,0.1260842143696531,0.5974991520703306,0.17850089530761798,0.20822814528191635,0.08337303477846593,0.5737704918032787,0.19753086419753085,0.14559068219633942,175,32,1924,130,2099,1227130891182,00:20:27,ALOD2Vec,AllPairs
conference,ALOD2Vec_AllPairs_ConnectedComponentstrue,CLASSES,0.12303257716630925,0.6406189351432895,0.11617535903250188,0.20642137755699677,0.08204334365325078,0.6138996138996139,0.15254237288135594,0.1447428311333637,159,18,1779,100,1938,-,-,ALOD2Vec,AllPairs
conference,ALOD2Vec_AllPairs_ConnectedComponentstrue,PROPERTIES,0.1333539476396619,0.25317460317460316,0.22222222222222224,0.17469256904471964,0.09937888198757763,0.34782608695652173,0.3181818181818182,0.15458937198067632,16,14,145,30,161,-,-,ALOD2Vec,AllPairs
conference,ALOD2Vec_AllPairs_ConnectedComponentstrue,INSTANCES,0.0,0.0,0.0,0.0,0.0,0.0,0.0,0.0,0,0,0,0,0,-,-,ALOD2Vec,AllPairs
conference,ATBox_AllPairs_ConnectedComponentstrue,ALL,0.6425605926335691,0.5964507323557281,0.18762242270645632,0.6186476722681022,0.6183745583038869,0.5737704918032787,0.21604938271604937,0.5952380952380952,175,35,108,130,283,1312365267906,00:21:52,ATBox,AllPairs
conference,ATBox_AllPairs_ConnectedComponentstrue,CLASSES,0.7667222988651559,0.6592157282742441,0.17445200302343158,0.7089163610349314,0.7523364485981309,0.6216216216216216,0.1864406779661017,0.6807610993657506,161,22,53,98,214,-,-,ATBox,AllPairs
conference,ATBox_AllPairs_ConnectedComponentstrue,PROPERTIES,0.13492063492063494,0.1793650793650794,0.17460317460317462,0.15400032066698735,0.20588235294117646,0.30434782608695654,0.29545454545454547,0.2456140350877193,14,13,54,32,68,-,-,ATBox,AllPairs
conference,ATBox_AllPairs_ConnectedComponentstrue,INSTANCES,0.0,0.0,0.0,0.0,0.0,0.0,0.0,0.0,0,0,1,0,1,-,-,ATBox,AllPairs
conference,Paris_AllPairs_MergeCenterMintrue,ALL,0.0,0.0,0.0,0.0,0.0,0.0,0.0,0.0,0,0,0,305,0,161134508955,00:02:41,Paris,AllPairs
conference,Paris_AllPairs_MergeCenterMintrue,CLASSES,0.0,0.0,0.0,0.0,0.0,0.0,0.0,0.0,0,0,0,259,0,-,-,Paris,AllPairs
conference,Paris_AllPairs_MergeCenterMintrue,PROPERTIES,0.0,0.0,0.0,0.0,0.0,0.0,0.0,0.0,0,0,0,46,0,-,-,Paris,AllPairs
conference,Paris_AllPairs_MergeCenterMintrue,INSTANCES,0.0,0.0,0.0,0.0,0.0,0.0,0.0,0.0,0,0,0,0,0,-,-,Paris,AllPairs
conference,AML_AllPairs_CLIPtrue,ALL,0.845417112319743,0.6783082288601681,0.34965450826795375,0.752699149390826,0.8410041841004184,0.659016393442623,0.35802469135802467,0.7389705882352942,201,58,38,104,239,1121403843525,00:18:41,AML,AllPairs
conference,AML_AllPairs_CLIPtrue,CLASSES,0.8360228029254337,0.7237380589456432,0.30500755857898715,0.7758388294186614,0.8272727272727273,0.7027027027027027,0.3474576271186441,0.7599164926931107,182,41,38,77,220,-,-,AML,AllPairs
conference,AML_AllPairs_CLIPtrue,PROPERTIES,0.47619047619047616,0.2880952380952381,0.28095238095238095,0.35899718142708803,1.0,0.41304347826086957,0.38636363636363635,0.5846153846153846,19,17,0,27,19,-,-,AML,AllPairs
conference,AML_AllPairs_CLIPtrue,INSTANCES,0.0,0.0,0.0,0.0,0.0,0.0,0.0,0.0,0,0,0,0,0,-,-,AML,AllPairs
conference,AML_AllPairs_StarOneMaxtrue,ALL,0.8454171123197428,0.6783082288601682,0.34965450826795363,0.752699149390826,0.8410041841004184,0.659016393442623,0.35802469135802467,0.7389705882352942,201,58,38,104,239,1167414023517,00:19:27,AML,AllPairs
conference,AML_AllPairs_StarOneMaxtrue,CLASSES,0.8360228029254337,0.7237380589456432,0.3050075585789872,0.7758388294186614,0.8272727272727273,0.7027027027027027,0.3474576271186441,0.7599164926931107,182,41,38,77,220,-,-,AML,AllPairs
conference,AML_AllPairs_StarOneMaxtrue,PROPERTIES,0.47619047619047616,0.2880952380952381,0.28095238095238095,0.35899718142708803,1.0,0.41304347826086957,0.38636363636363635,0.5846153846153846,19,17,0,27,19,-,-,AML,AllPairs
conference,AML_AllPairs_StarOneMaxtrue,INSTANCES,0.0,0.0,0.0,0.0,0.0,0.0,0.0,0.0,0,0,0,0,0,-,-,AML,AllPairs
conference,Paris_AllPairs_MergeCenterMinfalse,ALL,0.0,0.0,0.0,0.0,0.0,0.0,0.0,0.0,0,0,0,305,0,166624089534,00:02:46,Paris,AllPairs
conference,Paris_AllPairs_MergeCenterMinfalse,CLASSES,0.0,0.0,0.0,0.0,0.0,0.0,0.0,0.0,0,0,0,259,0,-,-,Paris,AllPairs
conference,Paris_AllPairs_MergeCenterMinfalse,PROPERTIES,0.0,0.0,0.0,0.0,0.0,0.0,0.0,0.0,0,0,0,46,0,-,-,Paris,AllPairs
conference,Paris_AllPairs_MergeCenterMinfalse,INSTANCES,0.0,0.0,0.0,0.0,0.0,0.0,0.0,0.0,0,0,0,0,0,-,-,Paris,AllPairs
conference,LogMap_AllPairs_MergeCenterMintrue,ALL,0.8392868340236762,0.6145381469207498,0.22855384578073654,0.7095403951317972,0.817351598173516,0.5868852459016394,0.22839506172839505,0.683206106870229,179,37,40,126,219,1056771628353,00:17:36,LogMap,AllPairs
conference,LogMap_AllPairs_MergeCenterMintrue,CLASSES,0.8642233661141225,0.6738964436578037,0.20130385487528343,0.7572843796045271,0.8434343434343434,0.6447876447876448,0.2288135593220339,0.7308533916849016,167,27,31,92,198,-,-,LogMap,AllPairs
conference,LogMap_AllPairs_MergeCenterMintrue,PROPERTIES,0.38095238095238093,0.21190476190476187,0.20238095238095238,0.2723274048575253,0.5714285714285714,0.2608695652173913,0.22727272727272727,0.3582089552238805,12,10,9,34,21,-,-,LogMap,AllPairs
conference,LogMap_AllPairs_MergeCenterMintrue,INSTANCES,0.0,0.0,0.0,0.0,0.0,0.0,0.0,0.0,0,0,0,0,0,-,-,LogMap,AllPairs
conference,Paris_AllPairs_Err60,ALL,0.0,0.0,0.0,0.0,0.0,0.0,0.0,0.0,0,0,0,305,0,113949280200,00:01:53,Paris,AllPairs
conference,Paris_AllPairs_Err60,CLASSES,0.0,0.0,0.0,0.0,0.0,0.0,0.0,0.0,0,0,0,259,0,-,-,Paris,AllPairs
conference,Paris_AllPairs_Err60,PROPERTIES,0.0,0.0,0.0,0.0,0.0,0.0,0.0,0.0,0,0,0,46,0,-,-,Paris,AllPairs
conference,Paris_AllPairs_Err60,INSTANCES,0.0,0.0,0.0,0.0,0.0,0.0,0.0,0.0,0,0,0,0,0,-,-,Paris,AllPairs
conference,AML_AllPairs_Err60,ALL,0.8741874527588814,0.3506556638860544,0.09571283058678016,0.5005355827898823,0.8629032258064516,0.35081967213114756,0.11728395061728394,0.49883449883449893,107,19,17,198,124,1105884946908,00:18:25,AML,AllPairs
conference,AML_AllPairs_Err60,CLASSES,0.8741874527588814,0.40950542955283065,0.09826152683295539,0.5577416737047751,0.860655737704918,0.40540540540540543,0.1440677966101695,0.5511811023622047,105,17,17,154,122,-,-,AML,AllPairs
conference,AML_AllPairs_Err60,PROPERTIES,0.09523809523809523,0.03571428571428571,0.05952380952380952,0.051948051948051945,1.0,0.043478260869565216,0.045454545454545456,0.08333333333333333,2,2,0,44,2,-,-,AML,AllPairs
conference,AML_AllPairs_Err60,INSTANCES,0.0,0.0,0.0,0.0,0.0,0.0,0.0,0.0,0,0,0,0,0,-,-,AML,AllPairs
conference,ATBox_AllPairs_MergeCenterMaxtrue,ALL,0.6780614981497622,0.5419224266849404,0.11785673865505798,0.6023960234865104,0.6434426229508197,0.5147540983606558,0.14814814814814814,0.5719489981785064,157,24,87,148,244,1481919774321,00:24:41,ATBox,AllPairs
conference,ATBox_AllPairs_MergeCenterMaxtrue,CLASSES,0.7733618233618235,0.6104186815448666,0.11130007558578987,0.6822967990945801,0.7589743589743589,0.5714285714285714,0.13559322033898305,0.6519823788546255,148,16,47,111,195,-,-,ATBox,AllPairs
conference,ATBox_AllPairs_MergeCenterMaxtrue,PROPERTIES,0.1691609977324263,0.12857142857142856,0.11904761904761904,0.14609944510934605,0.1875,0.1956521739130435,0.18181818181818182,0.1914893617021277,9,8,39,37,48,-,-,ATBox,AllPairs
conference,ATBox_AllPairs_MergeCenterMaxtrue,INSTANCES,0.0,0.0,0.0,0.0,0.0,0.0,0.0,0.0,0,0,1,0,1,-,-,ATBox,AllPairs
conference,Paris_AllPairs_StarOneMaxtrue,ALL,0.0,0.0,0.0,0.0,0.0,0.0,0.0,0.0,0,0,0,305,0,167935937274,00:02:47,Paris,AllPairs
conference,Paris_AllPairs_StarOneMaxtrue,CLASSES,0.0,0.0,0.0,0.0,0.0,0.0,0.0,0.0,0,0,0,259,0,-,-,Paris,AllPairs
conference,Paris_AllPairs_StarOneMaxtrue,PROPERTIES,0.0,0.0,0.0,0.0,0.0,0.0,0.0,0.0,0,0,0,46,0,-,-,Paris,AllPairs
conference,Paris_AllPairs_StarOneMaxtrue,INSTANCES,0.0,0.0,0.0,0.0,0.0,0.0,0.0,0.0,0,0,0,0,0,-,-,Paris,AllPairs
conference,Paris_AllPairs_CLIPtrue,ALL,0.0,0.0,0.0,0.0,0.0,0.0,0.0,0.0,0,0,0,305,0,126549712359,00:02:06,Paris,AllPairs
conference,Paris_AllPairs_CLIPtrue,CLASSES,0.0,0.0,0.0,0.0,0.0,0.0,0.0,0.0,0,0,0,259,0,-,-,Paris,AllPairs
conference,Paris_AllPairs_CLIPtrue,PROPERTIES,0.0,0.0,0.0,0.0,0.0,0.0,0.0,0.0,0,0,0,46,0,-,-,Paris,AllPairs
conference,Paris_AllPairs_CLIPtrue,INSTANCES,0.0,0.0,0.0,0.0,0.0,0.0,0.0,0.0,0,0,0,0,0,-,-,Paris,AllPairs
conference,AML_AllPairs_CLIPfalse,ALL,0.845417112319743,0.6783082288601681,0.34965450826795375,0.752699149390826,0.8410041841004184,0.659016393442623,0.35802469135802467,0.7389705882352942,201,58,38,104,239,1119072331398,00:18:39,AML,AllPairs
conference,AML_AllPairs_CLIPfalse,CLASSES,0.8360228029254335,0.7237380589456432,0.3050075585789871,0.7758388294186614,0.8272727272727273,0.7027027027027027,0.3474576271186441,0.7599164926931107,182,41,38,77,220,-,-,AML,AllPairs
conference,AML_AllPairs_CLIPfalse,PROPERTIES,0.47619047619047616,0.28809523809523807,0.28095238095238095,0.3589971814270879,1.0,0.41304347826086957,0.38636363636363635,0.5846153846153846,19,17,0,27,19,-,-,AML,AllPairs
conference,AML_AllPairs_CLIPfalse,INSTANCES,0.0,0.0,0.0,0.0,0.0,0.0,0.0,0.0,0,0,0,0,0,-,-,AML,AllPairs
conference,AML_AllPairs_CenterMinfalse,ALL,0.8454171123197428,0.6783082288601682,0.3496545082679537,0.752699149390826,0.8410041841004184,0.659016393442623,0.35802469135802467,0.7389705882352942,201,58,38,104,239,1170815929269,00:19:30,AML,AllPairs
conference,AML_AllPairs_CenterMinfalse,CLASSES,0.8360228029254337,0.7237380589456432,0.30500755857898715,0.7758388294186614,0.8272727272727273,0.7027027027027027,0.3474576271186441,0.7599164926931107,182,41,38,77,220,-,-,AML,AllPairs
conference,AML_AllPairs_CenterMinfalse,PROPERTIES,0.47619047619047616,0.2880952380952381,0.28095238095238095,0.35899718142708803,1.0,0.41304347826086957,0.38636363636363635,0.5846153846153846,19,17,0,27,19,-,-,AML,AllPairs
conference,AML_AllPairs_CenterMinfalse,INSTANCES,0.0,0.0,0.0,0.0,0.0,0.0,0.0,0.0,0,0,0,0,0,-,-,AML,AllPairs
conference,Paris_AllPairs_CenterMinfalse,ALL,0.0,0.0,0.0,0.0,0.0,0.0,0.0,0.0,0,0,0,305,0,163203418623,00:02:43,Paris,AllPairs
conference,Paris_AllPairs_CenterMinfalse,CLASSES,0.0,0.0,0.0,0.0,0.0,0.0,0.0,0.0,0,0,0,259,0,-,-,Paris,AllPairs
conference,Paris_AllPairs_CenterMinfalse,PROPERTIES,0.0,0.0,0.0,0.0,0.0,0.0,0.0,0.0,0,0,0,46,0,-,-,Paris,AllPairs
conference,Paris_AllPairs_CenterMinfalse,INSTANCES,0.0,0.0,0.0,0.0,0.0,0.0,0.0,0.0,0,0,0,0,0,-,-,Paris,AllPairs
conference,LogMap_AllPairs_StarTwoMintrue,ALL,0.8392868340236762,0.6145381469207498,0.22855384578073654,0.7095403951317972,0.817351598173516,0.5868852459016394,0.22839506172839505,0.683206106870229,179,37,40,126,219,1053448067490,00:17:33,LogMap,AllPairs
conference,LogMap_AllPairs_StarTwoMintrue,CLASSES,0.8642233661141224,0.6738964436578035,0.20130385487528346,0.757284379604527,0.8434343434343434,0.6447876447876448,0.2288135593220339,0.7308533916849016,167,27,31,92,198,-,-,LogMap,AllPairs
conference,LogMap_AllPairs_StarTwoMintrue,PROPERTIES,0.38095238095238093,0.2119047619047619,0.20238095238095238,0.2723274048575253,0.5714285714285714,0.2608695652173913,0.22727272727272727,0.3582089552238805,12,10,9,34,21,-,-,LogMap,AllPairs
conference,LogMap_AllPairs_StarTwoMintrue,INSTANCES,0.0,0.0,0.0,0.0,0.0,0.0,0.0,0.0,0,0,0,0,0,-,-,LogMap,AllPairs
conference,AML_AllPairs_MergeCenterMintrue,ALL,0.8454171123197428,0.6783082288601682,0.34965450826795363,0.752699149390826,0.8410041841004184,0.659016393442623,0.35802469135802467,0.7389705882352942,201,58,38,104,239,1158467728110,00:19:18,AML,AllPairs
conference,AML_AllPairs_MergeCenterMintrue,CLASSES,0.8360228029254337,0.723738058945643,0.3050075585789872,0.7758388294186613,0.8272727272727273,0.7027027027027027,0.3474576271186441,0.7599164926931107,182,41,38,77,220,-,-,AML,AllPairs
conference,AML_AllPairs_MergeCenterMintrue,PROPERTIES,0.47619047619047616,0.28809523809523807,0.28095238095238095,0.3589971814270879,1.0,0.41304347826086957,0.38636363636363635,0.5846153846153846,19,17,0,27,19,-,-,AML,AllPairs
conference,AML_AllPairs_MergeCenterMintrue,INSTANCES,0.0,0.0,0.0,0.0,0.0,0.0,0.0,0.0,0,0,0,0,0,-,-,AML,AllPairs
conference,ALOD2Vec_AllPairs_MergeCenterMinfalse,ALL,0.5944606332561514,0.5792332492179616,0.14233309485410325,0.5867481619777841,0.568561872909699,0.5573770491803278,0.16666666666666666,0.5629139072847683,170,27,129,135,299,1036186999533,00:17:16,ALOD2Vec,AllPairs
conference,ALOD2Vec_AllPairs_MergeCenterMinfalse,CLASSES,0.7085426835847004,0.6320687134351731,0.10215419501133789,0.6681245041222749,0.6753246753246753,0.6023166023166023,0.1271186440677966,0.6367346938775511,156,15,75,103,231,-,-,ALOD2Vec,AllPairs
conference,ALOD2Vec_AllPairs_MergeCenterMinfalse,PROPERTIES,0.14814814814814814,0.18968253968253967,0.15873015873015872,0.1663621334725485,0.20588235294117646,0.30434782608695654,0.2727272727272727,0.2456140350877193,14,12,54,32,68,-,-,ALOD2Vec,AllPairs
conference,ALOD2Vec_AllPairs_MergeCenterMinfalse,INSTANCES,0.0,0.0,0.0,0.0,0.0,0.0,0.0,0.0,0,0,0,0,0,-,-,ALOD2Vec,AllPairs
conference,AML_AllPairs_MergeCenterMaxfalse,ALL,0.845417112319743,0.6783082288601682,0.34965450826795363,0.7526991493908262,0.8410041841004184,0.659016393442623,0.35802469135802467,0.7389705882352942,201,58,38,104,239,1154851627419,00:19:14,AML,AllPairs
conference,AML_AllPairs_MergeCenterMaxfalse,CLASSES,0.8360228029254337,0.7237380589456432,0.30500755857898715,0.7758388294186614,0.8272727272727273,0.7027027027027027,0.3474576271186441,0.7599164926931107,182,41,38,77,220,-,-,AML,AllPairs
conference,AML_AllPairs_MergeCenterMaxfalse,PROPERTIES,0.47619047619047616,0.28809523809523807,0.28095238095238095,0.3589971814270879,1.0,0.41304347826086957,0.38636363636363635,0.5846153846153846,19,17,0,27,19,-,-,AML,AllPairs
conference,AML_AllPairs_MergeCenterMaxfalse,INSTANCES,0.0,0.0,0.0,0.0,0.0,0.0,0.0,0.0,0,0,0,0,0,-,-,AML,AllPairs
conference,LogMap_AllPairs_StarTwoMaxfalse,ALL,0.8386763334131757,0.6117370264725706,0.2237919410188318,0.7074526208383916,0.8165137614678899,0.5836065573770491,0.2222222222222222,0.6806883365200764,178,36,40,127,218,1154840082228,00:19:14,LogMap,AllPairs
conference,LogMap_AllPairs_StarTwoMaxfalse,CLASSES,0.8636942655850219,0.6704950831135859,0.19450113378684808,0.754929968558818,0.8426395939086294,0.640926640926641,0.22033898305084745,0.7280701754385964,166,26,31,93,197,-,-,LogMap,AllPairs
conference,LogMap_AllPairs_StarTwoMaxfalse,PROPERTIES,0.38095238095238093,0.2119047619047619,0.20238095238095238,0.2723274048575253,0.5714285714285714,0.2608695652173913,0.22727272727272727,0.3582089552238805,12,10,9,34,21,-,-,LogMap,AllPairs
conference,LogMap_AllPairs_StarTwoMaxfalse,INSTANCES,0.0,0.0,0.0,0.0,0.0,0.0,0.0,0.0,0,0,0,0,0,-,-,LogMap,AllPairs
conference,ATBox_AllPairs_Err80,ALL,0.6926578401368317,0.5760015797972742,0.1574781427722604,0.628966299242874,0.6774193548387096,0.5508196721311476,0.17901234567901234,0.6075949367088607,168,29,80,137,248,1268083201833,00:21:08,ATBox,AllPairs
conference,ATBox_AllPairs_Err80,CLASSES,0.7808355665498522,0.6361792409520425,0.13034769463340892,0.7011237644182188,0.7722772277227723,0.6023166023166023,0.15254237288135594,0.6767895878524947,156,18,46,103,202,-,-,ATBox,AllPairs
conference,ATBox_AllPairs_Err80,PROPERTIES,0.15873015873015872,0.14365079365079364,0.1388888888888889,0.15081448152314292,0.26666666666666666,0.2608695652173913,0.25,0.26373626373626374,12,11,33,34,45,-,-,ATBox,AllPairs
conference,ATBox_AllPairs_Err80,INSTANCES,0.0,0.0,0.0,0.0,0.0,0.0,0.0,0.0,0,0,1,0,1,-,-,ATBox,AllPairs
conference,LogMap_AllPairs_StarTwoMaxtrue,ALL,0.8392868340236762,0.6145381469207499,0.22855384578073654,0.7095403951317975,0.817351598173516,0.5868852459016394,0.22839506172839505,0.683206106870229,179,37,40,126,219,1050339086853,00:17:30,LogMap,AllPairs
conference,LogMap_AllPairs_StarTwoMaxtrue,CLASSES,0.8642233661141224,0.6738964436578035,0.20130385487528346,0.757284379604527,0.8434343434343434,0.6447876447876448,0.2288135593220339,0.7308533916849016,167,27,31,92,198,-,-,LogMap,AllPairs
conference,LogMap_AllPairs_StarTwoMaxtrue,PROPERTIES,0.38095238095238093,0.2119047619047619,0.20238095238095238,0.2723274048575253,0.5714285714285714,0.2608695652173913,0.22727272727272727,0.3582089552238805,12,10,9,34,21,-,-,LogMap,AllPairs
conference,LogMap_AllPairs_StarTwoMaxtrue,INSTANCES,0.0,0.0,0.0,0.0,0.0,0.0,0.0,0.0,0,0,0,0,0,-,-,LogMap,AllPairs
conference,LogMap_AllPairs_CLIPfalse,ALL,0.8392868340236762,0.6145381469207497,0.22855384578073654,0.7095403951317972,0.817351598173516,0.5868852459016394,0.22839506172839505,0.683206106870229,179,37,40,126,219,1018673320014,00:16:58,LogMap,AllPairs
conference,LogMap_AllPairs_CLIPfalse,CLASSES,0.8642233661141225,0.6738964436578035,0.20130385487528343,0.7572843796045271,0.8434343434343434,0.6447876447876448,0.2288135593220339,0.7308533916849016,167,27,31,92,198,-,-,LogMap,AllPairs
conference,LogMap_AllPairs_CLIPfalse,PROPERTIES,0.38095238095238093,0.2119047619047619,0.20238095238095238,0.2723274048575253,0.5714285714285714,0.2608695652173913,0.22727272727272727,0.3582089552238805,12,10,9,34,21,-,-,LogMap,AllPairs
conference,LogMap_AllPairs_CLIPfalse,INSTANCES,0.0,0.0,0.0,0.0,0.0,0.0,0.0,0.0,0,0,0,0,0,-,-,LogMap,AllPairs
conference,Paris_AllPairs_CenterMaxtrue,ALL,0.0,0.0,0.0,0.0,0.0,0.0,0.0,0.0,0,0,0,305,0,161262718491,00:02:41,Paris,AllPairs
conference,Paris_AllPairs_CenterMaxtrue,CLASSES,0.0,0.0,0.0,0.0,0.0,0.0,0.0,0.0,0,0,0,259,0,-,-,Paris,AllPairs
conference,Paris_AllPairs_CenterMaxtrue,PROPERTIES,0.0,0.0,0.0,0.0,0.0,0.0,0.0,0.0,0,0,0,46,0,-,-,Paris,AllPairs
conference,Paris_AllPairs_CenterMaxtrue,INSTANCES,0.0,0.0,0.0,0.0,0.0,0.0,0.0,0.0,0,0,0,0,0,-,-,Paris,AllPairs
conference,ATBox_AllPairs_CLIPtrue,ALL,0.6425605926335692,0.5964507323557282,0.18762242270645632,0.6186476722681025,0.6183745583038869,0.5737704918032787,0.21604938271604937,0.5952380952380952,175,35,108,130,283,1279179464955,00:21:19,ATBox,AllPairs
conference,ATBox_AllPairs_CLIPtrue,CLASSES,0.7667222988651561,0.6592157282742442,0.17445200302343158,0.7089163610349315,0.7523364485981309,0.6216216216216216,0.1864406779661017,0.6807610993657506,161,22,53,98,214,-,-,ATBox,AllPairs
conference,ATBox_AllPairs_CLIPtrue,PROPERTIES,0.13492063492063494,0.17936507936507937,0.1746031746031746,0.15400032066698735,0.20588235294117646,0.30434782608695654,0.29545454545454547,0.2456140350877193,14,13,54,32,68,-,-,ATBox,AllPairs
conference,ATBox_AllPairs_CLIPtrue,INSTANCES,0.0,0.0,0.0,0.0,0.0,0.0,0.0,0.0,0,0,1,0,1,-,-,ATBox,AllPairs
conference,ALOD2Vec_AllPairs_CenterMaxfalse,ALL,0.7056172769684489,0.5327349523054098,0.08900287387682347,0.6071083452760173,0.6595744680851063,0.5081967213114754,0.1111111111111111,0.5740740740740742,155,18,80,150,235,1272485025168,00:21:12,ALOD2Vec,AllPairs
conference,ALOD2Vec_AllPairs_CenterMaxfalse,CLASSES,0.7739708495347595,0.5989653805688459,0.06439909297052154,0.6753143143520907,0.735,0.5675675675675675,0.09322033898305085,0.6405228758169935,147,11,53,112,200,-,-,ALOD2Vec,AllPairs
conference,ALOD2Vec_AllPairs_CenterMaxfalse,PROPERTIES,0.15833333333333335,0.10873015873015872,0.09920634920634919,0.12892521050024766,0.22857142857142856,0.17391304347826086,0.1590909090909091,0.19753086419753085,8,7,27,38,35,-,-,ALOD2Vec,AllPairs
conference,ALOD2Vec_AllPairs_CenterMaxfalse,INSTANCES,0.0,0.0,0.0,0.0,0.0,0.0,0.0,0.0,0,0,0,0,0,-,-,ALOD2Vec,AllPairs
conference,Paris_AllPairs_StarOneMaxfalse,ALL,0.0,0.0,0.0,0.0,0.0,0.0,0.0,0.0,0,0,0,305,0,161038415055,00:02:41,Paris,AllPairs
conference,Paris_AllPairs_StarOneMaxfalse,CLASSES,0.0,0.0,0.0,0.0,0.0,0.0,0.0,0.0,0,0,0,259,0,-,-,Paris,AllPairs
conference,Paris_AllPairs_StarOneMaxfalse,PROPERTIES,0.0,0.0,0.0,0.0,0.0,0.0,0.0,0.0,0,0,0,46,0,-,-,Paris,AllPairs
conference,Paris_AllPairs_StarOneMaxfalse,INSTANCES,0.0,0.0,0.0,0.0,0.0,0.0,0.0,0.0,0,0,0,0,0,-,-,Paris,AllPairs
conference,Paris_AllPairs_StarTwoMinfalse,ALL,0.0,0.0,0.0,0.0,0.0,0.0,0.0,0.0,0,0,0,305,0,161093728131,00:02:41,Paris,AllPairs
conference,Paris_AllPairs_StarTwoMinfalse,CLASSES,0.0,0.0,0.0,0.0,0.0,0.0,0.0,0.0,0,0,0,259,0,-,-,Paris,AllPairs
conference,Paris_AllPairs_StarTwoMinfalse,PROPERTIES,0.0,0.0,0.0,0.0,0.0,0.0,0.0,0.0,0,0,0,46,0,-,-,Paris,AllPairs
conference,Paris_AllPairs_StarTwoMinfalse,INSTANCES,0.0,0.0,0.0,0.0,0.0,0.0,0.0,0.0,0,0,0,0,0,-,-,Paris,AllPairs
conference,ALOD2Vec_AllPairs_StarTwoMaxfalse,ALL,0.5944606332561515,0.5792332492179617,0.14233309485410325,0.5867481619777843,0.568561872909699,0.5573770491803278,0.16666666666666666,0.5629139072847683,170,27,129,135,299,1033263973959,00:17:13,ALOD2Vec,AllPairs
conference,ALOD2Vec_AllPairs_StarTwoMaxfalse,CLASSES,0.7085426835847004,0.6320687134351731,0.10215419501133786,0.6681245041222749,0.6753246753246753,0.6023166023166023,0.1271186440677966,0.6367346938775511,156,15,75,103,231,-,-,ALOD2Vec,AllPairs
conference,ALOD2Vec_AllPairs_StarTwoMaxfalse,PROPERTIES,0.14814814814814814,0.18968253968253967,0.15873015873015875,0.1663621334725485,0.20588235294117646,0.30434782608695654,0.2727272727272727,0.2456140350877193,14,12,54,32,68,-,-,ALOD2Vec,AllPairs
conference,ALOD2Vec_AllPairs_StarTwoMaxfalse,INSTANCES,0.0,0.0,0.0,0.0,0.0,0.0,0.0,0.0,0,0,0,0,0,-,-,ALOD2Vec,AllPairs
conference,ALOD2Vec_AllPairs,ALL,0.5944606332561515,0.5792332492179616,0.14233309485410325,0.5867481619777842,0.568561872909699,0.5573770491803278,0.16666666666666666,0.5629139072847683,170,27,129,135,299,986939482536,00:16:26,ALOD2Vec,AllPairs
conference,ALOD2Vec_AllPairs,CLASSES,0.7085426835847004,0.6320687134351732,0.10215419501133786,0.6681245041222749,0.6753246753246753,0.6023166023166023,0.1271186440677966,0.6367346938775511,156,15,75,103,231,-,-,ALOD2Vec,AllPairs
conference,ALOD2Vec_AllPairs,PROPERTIES,0.14814814814814814,0.18968253968253967,0.15873015873015875,0.1663621334725485,0.20588235294117646,0.30434782608695654,0.2727272727272727,0.2456140350877193,14,12,54,32,68,-,-,ALOD2Vec,AllPairs
conference,ALOD2Vec_AllPairs,INSTANCES,0.0,0.0,0.0,0.0,0.0,0.0,0.0,0.0,0,0,0,0,0,-,-,ALOD2Vec,AllPairs
conference,LogMap_AllPairs_StarOneMaxfalse,ALL,0.8392868340236764,0.6145381469207498,0.22855384578073656,0.7095403951317975,0.817351598173516,0.5868852459016394,0.22839506172839505,0.683206106870229,179,37,40,126,219,1169371011543,00:19:29,LogMap,AllPairs
conference,LogMap_AllPairs_StarOneMaxfalse,CLASSES,0.8642233661141224,0.6738964436578037,0.20130385487528343,0.7572843796045271,0.8434343434343434,0.6447876447876448,0.2288135593220339,0.7308533916849016,167,27,31,92,198,-,-,LogMap,AllPairs
conference,LogMap_AllPairs_StarOneMaxfalse,PROPERTIES,0.38095238095238093,0.2119047619047619,0.20238095238095238,0.2723274048575253,0.5714285714285714,0.2608695652173913,0.22727272727272727,0.3582089552238805,12,10,9,34,21,-,-,LogMap,AllPairs
conference,LogMap_AllPairs_StarOneMaxfalse,INSTANCES,0.0,0.0,0.0,0.0,0.0,0.0,0.0,0.0,0,0,0,0,0,-,-,LogMap,AllPairs
conference,LogMap_AllPairs_MergeCenterMinfalse,ALL,0.8392868340236762,0.6145381469207498,0.22855384578073654,0.7095403951317972,0.817351598173516,0.5868852459016394,0.22839506172839505,0.683206106870229,179,37,40,126,219,1057638138438,00:17:37,LogMap,AllPairs
conference,LogMap_AllPairs_MergeCenterMinfalse,CLASSES,0.8642233661141225,0.6738964436578037,0.20130385487528346,0.7572843796045271,0.8434343434343434,0.6447876447876448,0.2288135593220339,0.7308533916849016,167,27,31,92,198,-,-,LogMap,AllPairs
conference,LogMap_AllPairs_MergeCenterMinfalse,PROPERTIES,0.38095238095238093,0.21190476190476196,0.20238095238095238,0.2723274048575254,0.5714285714285714,0.2608695652173913,0.22727272727272727,0.3582089552238805,12,10,9,34,21,-,-,LogMap,AllPairs
conference,LogMap_AllPairs_MergeCenterMinfalse,INSTANCES,0.0,0.0,0.0,0.0,0.0,0.0,0.0,0.0,0,0,0,0,0,-,-,LogMap,AllPairs
conference,ATBox_AllPairs_Err90,ALL,0.667239612716316,0.5964507323557282,0.1876224227064563,0.6298624615015321,0.6481481481481481,0.5737704918032787,0.21604938271604937,0.6086956521739131,175,35,95,130,270,1268083320630,00:21:08,ATBox,AllPairs
conference,ATBox_AllPairs_Err90,CLASSES,0.7667222988651561,0.6592157282742441,0.17445200302343158,0.7089163610349316,0.7523364485981309,0.6216216216216216,0.1864406779661017,0.6807610993657506,161,22,53,98,214,-,-,ATBox,AllPairs
conference,ATBox_AllPairs_Err90,PROPERTIES,0.16507936507936508,0.17936507936507937,0.17460317460317462,0.17192597469095164,0.2545454545454545,0.30434782608695654,0.29545454545454547,0.2772277227722772,14,13,41,32,55,-,-,ATBox,AllPairs
conference,ATBox_AllPairs_Err90,INSTANCES,0.0,0.0,0.0,0.0,0.0,0.0,0.0,0.0,0,0,1,0,1,-,-,ATBox,AllPairs
conference,Paris_AllPairs_CenterMintrue,ALL,0.0,0.0,0.0,0.0,0.0,0.0,0.0,0.0,0,0,0,305,0,162083881092,00:02:42,Paris,AllPairs
conference,Paris_AllPairs_CenterMintrue,CLASSES,0.0,0.0,0.0,0.0,0.0,0.0,0.0,0.0,0,0,0,259,0,-,-,Paris,AllPairs
conference,Paris_AllPairs_CenterMintrue,PROPERTIES,0.0,0.0,0.0,0.0,0.0,0.0,0.0,0.0,0,0,0,46,0,-,-,Paris,AllPairs
conference,Paris_AllPairs_CenterMintrue,INSTANCES,0.0,0.0,0.0,0.0,0.0,0.0,0.0,0.0,0,0,0,0,0,-,-,Paris,AllPairs
conference,ATBox_AllPairs_MergeCenterMinfalse,ALL,0.6425605926335692,0.5964507323557282,0.1876224227064563,0.6186476722681025,0.6183745583038869,0.5737704918032787,0.21604938271604937,0.5952380952380952,175,35,108,130,283,1315555013745,00:21:55,ATBox,AllPairs
conference,ATBox_AllPairs_MergeCenterMinfalse,CLASSES,0.7667222988651561,0.6592157282742441,0.17445200302343158,0.7089163610349316,0.7523364485981309,0.6216216216216216,0.1864406779661017,0.6807610993657506,161,22,53,98,214,-,-,ATBox,AllPairs
conference,ATBox_AllPairs_MergeCenterMinfalse,PROPERTIES,0.1349206349206349,0.1793650793650794,0.1746031746031746,0.15400032066698735,0.20588235294117646,0.30434782608695654,0.29545454545454547,0.2456140350877193,14,13,54,32,68,-,-,ATBox,AllPairs
conference,ATBox_AllPairs_MergeCenterMinfalse,INSTANCES,0.0,0.0,0.0,0.0,0.0,0.0,0.0,0.0,0,0,1,0,1,-,-,ATBox,AllPairs
conference,Paris_AllPairs_StarTwoMaxfalse,ALL,0.0,0.0,0.0,0.0,0.0,0.0,0.0,0.0,0,0,0,305,0,164201658642,00:02:44,Paris,AllPairs
conference,Paris_AllPairs_StarTwoMaxfalse,CLASSES,0.0,0.0,0.0,0.0,0.0,0.0,0.0,0.0,0,0,0,259,0,-,-,Paris,AllPairs
conference,Paris_AllPairs_StarTwoMaxfalse,PROPERTIES,0.0,0.0,0.0,0.0,0.0,0.0,0.0,0.0,0,0,0,46,0,-,-,Paris,AllPairs
conference,Paris_AllPairs_StarTwoMaxfalse,INSTANCES,0.0,0.0,0.0,0.0,0.0,0.0,0.0,0.0,0,0,0,0,0,-,-,Paris,AllPairs
conference,Paris_AllPairs_StarOneMinfalse,ALL,0.0,0.0,0.0,0.0,0.0,0.0,0.0,0.0,0,0,0,305,0,165137122353,00:02:45,Paris,AllPairs
conference,Paris_AllPairs_StarOneMinfalse,CLASSES,0.0,0.0,0.0,0.0,0.0,0.0,0.0,0.0,0,0,0,259,0,-,-,Paris,AllPairs
conference,Paris_AllPairs_StarOneMinfalse,PROPERTIES,0.0,0.0,0.0,0.0,0.0,0.0,0.0,0.0,0,0,0,46,0,-,-,Paris,AllPairs
conference,Paris_AllPairs_StarOneMinfalse,INSTANCES,0.0,0.0,0.0,0.0,0.0,0.0,0.0,0.0,0,0,0,0,0,-,-,Paris,AllPairs
conference,ALOD2Vec_AllPairs_Err95,ALL,0.6778417212793594,0.5369284558524603,0.11927053649742725,0.5992121235281301,0.6610169491525424,0.5114754098360655,0.13580246913580246,0.5767097966728281,156,22,80,149,236,986949991629,00:16:26,ALOD2Vec,AllPairs
conference,ALOD2Vec_AllPairs_Err95,CLASSES,0.8149477506620364,0.5810667260650915,0.06632653061224489,0.6784156314789568,0.8022598870056498,0.5482625482625483,0.0847457627118644,0.6513761467889908,142,10,35,117,177,-,-,ALOD2Vec,AllPairs
conference,ALOD2Vec_AllPairs_Err95,PROPERTIES,0.16931216931216933,0.18968253968253967,0.15873015873015872,0.17891941841831308,0.23728813559322035,0.30434782608695654,0.2727272727272727,0.26666666666666666,14,12,45,32,59,-,-,ALOD2Vec,AllPairs
conference,ALOD2Vec_AllPairs_Err95,INSTANCES,0.0,0.0,0.0,0.0,0.0,0.0,0.0,0.0,0,0,0,0,0,-,-,ALOD2Vec,AllPairs
conference,ATBox_AllPairs_CLIPfalse,ALL,0.6425605926335691,0.5964507323557281,0.18762242270645632,0.6186476722681022,0.6183745583038869,0.5737704918032787,0.21604938271604937,0.5952380952380952,175,35,108,130,283,1281977645949,00:21:21,ATBox,AllPairs
conference,ATBox_AllPairs_CLIPfalse,CLASSES,0.7667222988651561,0.6592157282742441,0.17445200302343158,0.7089163610349316,0.7523364485981309,0.6216216216216216,0.1864406779661017,0.6807610993657506,161,22,53,98,214,-,-,ATBox,AllPairs
conference,ATBox_AllPairs_CLIPfalse,PROPERTIES,0.13492063492063494,0.17936507936507937,0.1746031746031746,0.15400032066698735,0.20588235294117646,0.30434782608695654,0.29545454545454547,0.2456140350877193,14,13,54,32,68,-,-,ATBox,AllPairs
conference,ATBox_AllPairs_CLIPfalse,INSTANCES,0.0,0.0,0.0,0.0,0.0,0.0,0.0,0.0,0,0,1,0,1,-,-,ATBox,AllPairs
conference,AML_AllPairs_Err80,ALL,0.8564111814111816,0.6058252845001205,0.27693926055270596,0.7096465718411176,0.84688995215311,0.580327868852459,0.29012345679012347,0.688715953307393,177,47,32,128,209,1105886858811,00:18:25,AML,AllPairs
conference,AML_AllPairs_Err80,CLASSES,0.8503419860562719,0.6564394010454816,0.23556311413454273,0.7409143606217231,0.8367346938775511,0.6332046332046332,0.2966101694915254,0.7208791208791209,164,35,32,95,196,-,-,AML,AllPairs
conference,AML_AllPairs_Err80,PROPERTIES,0.38095238095238093,0.21349206349206348,0.21349206349206348,0.27363468751986775,1.0,0.2826086956521739,0.2727272727272727,0.4406779661016949,13,12,0,33,13,-,-,AML,AllPairs
conference,AML_AllPairs_Err80,INSTANCES,0.0,0.0,0.0,0.0,0.0,0.0,0.0,0.0,0,0,0,0,0,-,-,AML,AllPairs
conference,ALOD2Vec_AllPairs_Err90,ALL,0.6868027751320541,0.5305792495032539,0.10736577459266534,0.5986671293187229,0.6724890829694323,0.5049180327868853,0.12345679012345678,0.5767790262172285,154,20,75,151,229,986948900238,00:16:26,ALOD2Vec,AllPairs
conference,ALOD2Vec_AllPairs_Err90,CLASSES,0.8149477506620364,0.5810667260650915,0.06632653061224489,0.6784156314789568,0.8022598870056498,0.5482625482625483,0.0847457627118644,0.6513761467889908,142,10,35,117,177,-,-,ALOD2Vec,AllPairs
conference,ALOD2Vec_AllPairs_Err90,PROPERTIES,0.14947089947089948,0.16587301587301587,0.13492063492063494,0.15724539256418452,0.23076923076923078,0.2608695652173913,0.22727272727272727,0.24489795918367346,12,10,40,34,52,-,-,ALOD2Vec,AllPairs
conference,ALOD2Vec_AllPairs_Err90,INSTANCES,0.0,0.0,0.0,0.0,0.0,0.0,0.0,0.0,0,0,0,0,0,-,-,ALOD2Vec,AllPairs
conference,LogMap_AllPairs_StarTwoMinfalse,ALL,0.8392868340236762,0.6145381469207498,0.22855384578073648,0.7095403951317972,0.817351598173516,0.5868852459016394,0.22839506172839505,0.683206106870229,179,37,40,126,219,1050399551523,00:17:30,LogMap,AllPairs
conference,LogMap_AllPairs_StarTwoMinfalse,CLASSES,0.8642233661141224,0.6738964436578035,0.20130385487528346,0.757284379604527,0.8434343434343434,0.6447876447876448,0.2288135593220339,0.7308533916849016,167,27,31,92,198,-,-,LogMap,AllPairs
conference,LogMap_AllPairs_StarTwoMinfalse,PROPERTIES,0.38095238095238093,0.2119047619047619,0.20238095238095238,0.2723274048575253,0.5714285714285714,0.2608695652173913,0.22727272727272727,0.3582089552238805,12,10,9,34,21,-,-,LogMap,AllPairs
conference,LogMap_AllPairs_StarTwoMinfalse,INSTANCES,0.0,0.0,0.0,0.0,0.0,0.0,0.0,0.0,0,0,0,0,0,-,-,LogMap,AllPairs
conference,ALOD2Vec_AllPairs_Err99,ALL,0.5944606332561515,0.5792332492179616,0.14233309485410325,0.5867481619777842,0.568561872909699,0.5573770491803278,0.16666666666666666,0.5629139072847683,170,27,129,135,299,986954105592,00:16:26,ALOD2Vec,AllPairs
conference,ALOD2Vec_AllPairs_Err99,CLASSES,0.7085426835847004,0.6320687134351731,0.10215419501133786,0.6681245041222749,0.6753246753246753,0.6023166023166023,0.1271186440677966,0.6367346938775511,156,15,75,103,231,-,-,ALOD2Vec,AllPairs
conference,ALOD2Vec_AllPairs_Err99,PROPERTIES,0.14814814814814817,0.18968253968253967,0.15873015873015875,0.16636213347254852,0.20588235294117646,0.30434782608695654,0.2727272727272727,0.2456140350877193,14,12,54,32,68,-,-,ALOD2Vec,AllPairs
conference,ALOD2Vec_AllPairs_Err99,INSTANCES,0.0,0.0,0.0,0.0,0.0,0.0,0.0,0.0,0,0,0,0,0,-,-,ALOD2Vec,AllPairs
conference,ALOD2Vec_AllPairs_ConnectedComponentsfalse,ALL,0.5944606332561513,0.5792332492179615,0.14233309485410325,0.586748161977784,0.568561872909699,0.5573770491803278,0.16666666666666666,0.5629139072847683,170,27,129,135,299,1036893390078,00:17:16,ALOD2Vec,AllPairs
conference,ALOD2Vec_AllPairs_ConnectedComponentsfalse,CLASSES,0.7085426835847004,0.6320687134351731,0.10215419501133786,0.6681245041222749,0.6753246753246753,0.6023166023166023,0.1271186440677966,0.6367346938775511,156,15,75,103,231,-,-,ALOD2Vec,AllPairs
conference,ALOD2Vec_AllPairs_ConnectedComponentsfalse,PROPERTIES,0.14814814814814814,0.18968253968253967,0.15873015873015872,0.1663621334725485,0.20588235294117646,0.30434782608695654,0.2727272727272727,0.2456140350877193,14,12,54,32,68,-,-,ALOD2Vec,AllPairs
conference,ALOD2Vec_AllPairs_ConnectedComponentsfalse,INSTANCES,0.0,0.0,0.0,0.0,0.0,0.0,0.0,0.0,0,0,0,0,0,-,-,ALOD2Vec,AllPairs
conference,Paris_AllPairs_StarOneMintrue,ALL,0.0,0.0,0.0,0.0,0.0,0.0,0.0,0.0,0,0,0,305,0,160746551448,00:02:40,Paris,AllPairs
conference,Paris_AllPairs_StarOneMintrue,CLASSES,0.0,0.0,0.0,0.0,0.0,0.0,0.0,0.0,0,0,0,259,0,-,-,Paris,AllPairs
conference,Paris_AllPairs_StarOneMintrue,PROPERTIES,0.0,0.0,0.0,0.0,0.0,0.0,0.0,0.0,0,0,0,46,0,-,-,Paris,AllPairs
conference,Paris_AllPairs_StarOneMintrue,INSTANCES,0.0,0.0,0.0,0.0,0.0,0.0,0.0,0.0,0,0,0,0,0,-,-,Paris,AllPairs
conference,LogMap_AllPairs_MergeCenterMaxfalse,ALL,0.8392868340236762,0.6145381469207498,0.22855384578073654,0.7095403951317972,0.817351598173516,0.5868852459016394,0.22839506172839505,0.683206106870229,179,37,40,126,219,1067021764746,00:17:47,LogMap,AllPairs
conference,LogMap_AllPairs_MergeCenterMaxfalse,CLASSES,0.8642233661141224,0.6738964436578035,0.20130385487528346,0.757284379604527,0.8434343434343434,0.6447876447876448,0.2288135593220339,0.7308533916849016,167,27,31,92,198,-,-,LogMap,AllPairs
conference,LogMap_AllPairs_MergeCenterMaxfalse,PROPERTIES,0.38095238095238093,0.2119047619047619,0.20238095238095238,0.2723274048575253,0.5714285714285714,0.2608695652173913,0.22727272727272727,0.3582089552238805,12,10,9,34,21,-,-,LogMap,AllPairs
conference,LogMap_AllPairs_MergeCenterMaxfalse,INSTANCES,0.0,0.0,0.0,0.0,0.0,0.0,0.0,0.0,0,0,0,0,0,-,-,LogMap,AllPairs
conference,ALOD2Vec_AllPairs_CLIPfalse,ALL,0.5944606332561515,0.5792332492179616,0.14233309485410328,0.5867481619777842,0.568561872909699,0.5573770491803278,0.16666666666666666,0.5629139072847683,170,27,129,135,299,995917916028,00:16:35,ALOD2Vec,AllPairs
conference,ALOD2Vec_AllPairs_CLIPfalse,CLASSES,0.7085426835847004,0.6320687134351731,0.10215419501133786,0.6681245041222749,0.6753246753246753,0.6023166023166023,0.1271186440677966,0.6367346938775511,156,15,75,103,231,-,-,ALOD2Vec,AllPairs
conference,ALOD2Vec_AllPairs_CLIPfalse,PROPERTIES,0.14814814814814814,0.18968253968253967,0.15873015873015875,0.1663621334725485,0.20588235294117646,0.30434782608695654,0.2727272727272727,0.2456140350877193,14,12,54,32,68,-,-,ALOD2Vec,AllPairs
conference,ALOD2Vec_AllPairs_CLIPfalse,INSTANCES,0.0,0.0,0.0,0.0,0.0,0.0,0.0,0.0,0,0,0,0,0,-,-,ALOD2Vec,AllPairs
conference,Paris_AllPairs_MergeCenterMaxfalse,ALL,0.0,0.0,0.0,0.0,0.0,0.0,0.0,0.0,0,0,0,305,0,158625576585,00:02:38,Paris,AllPairs
conference,Paris_AllPairs_MergeCenterMaxfalse,CLASSES,0.0,0.0,0.0,0.0,0.0,0.0,0.0,0.0,0,0,0,259,0,-,-,Paris,AllPairs
conference,Paris_AllPairs_MergeCenterMaxfalse,PROPERTIES,0.0,0.0,0.0,0.0,0.0,0.0,0.0,0.0,0,0,0,46,0,-,-,Paris,AllPairs
conference,Paris_AllPairs_MergeCenterMaxfalse,INSTANCES,0.0,0.0,0.0,0.0,0.0,0.0,0.0,0.0,0,0,0,0,0,-,-,Paris,AllPairs
conference,LogMap_AllPairs_Err99,ALL,0.8392868340236762,0.6145381469207498,0.22855384578073654,0.7095403951317972,0.817351598173516,0.5868852459016394,0.22839506172839505,0.683206106870229,179,37,40,126,219,1005849114354,00:16:45,LogMap,AllPairs
conference,LogMap_AllPairs_Err99,CLASSES,0.8642233661141225,0.6738964436578035,0.20130385487528343,0.7572843796045271,0.8434343434343434,0.6447876447876448,0.2288135593220339,0.7308533916849016,167,27,31,92,198,-,-,LogMap,AllPairs
conference,LogMap_AllPairs_Err99,PROPERTIES,0.38095238095238093,0.21190476190476187,0.20238095238095238,0.2723274048575253,0.5714285714285714,0.2608695652173913,0.22727272727272727,0.3582089552238805,12,10,9,34,21,-,-,LogMap,AllPairs
conference,LogMap_AllPairs_Err99,INSTANCES,0.0,0.0,0.0,0.0,0.0,0.0,0.0,0.0,0,0,0,0,0,-,-,LogMap,AllPairs
conference,AML_AllPairs,ALL,0.8454171123197428,0.6783082288601682,0.3496545082679537,0.752699149390826,0.8410041841004184,0.659016393442623,0.35802469135802467,0.7389705882352942,201,58,38,104,239,1105878250554,00:18:25,AML,AllPairs
conference,AML_AllPairs,CLASSES,0.8360228029254337,0.7237380589456432,0.3050075585789871,0.7758388294186614,0.8272727272727273,0.7027027027027027,0.3474576271186441,0.7599164926931107,182,41,38,77,220,-,-,AML,AllPairs
conference,AML_AllPairs,PROPERTIES,0.47619047619047616,0.2880952380952381,0.28095238095238095,0.35899718142708803,1.0,0.41304347826086957,0.38636363636363635,0.5846153846153846,19,17,0,27,19,-,-,AML,AllPairs
conference,AML_AllPairs,INSTANCES,0.0,0.0,0.0,0.0,0.0,0.0,0.0,0.0,0,0,0,0,0,-,-,AML,AllPairs
conference,ALOD2Vec_AllPairs_MergeCenterMintrue,ALL,0.5944606332561515,0.5792332492179616,0.14233309485410325,0.5867481619777842,0.568561872909699,0.5573770491803278,0.16666666666666666,0.5629139072847683,170,27,129,135,299,1039877664336,00:17:19,ALOD2Vec,AllPairs
conference,ALOD2Vec_AllPairs_MergeCenterMintrue,CLASSES,0.7085426835847004,0.6320687134351729,0.10215419501133789,0.6681245041222746,0.6753246753246753,0.6023166023166023,0.1271186440677966,0.6367346938775511,156,15,75,103,231,-,-,ALOD2Vec,AllPairs
conference,ALOD2Vec_AllPairs_MergeCenterMintrue,PROPERTIES,0.14814814814814814,0.18968253968253967,0.15873015873015875,0.1663621334725485,0.20588235294117646,0.30434782608695654,0.2727272727272727,0.2456140350877193,14,12,54,32,68,-,-,ALOD2Vec,AllPairs
conference,ALOD2Vec_AllPairs_MergeCenterMintrue,INSTANCES,0.0,0.0,0.0,0.0,0.0,0.0,0.0,0.0,0,0,0,0,0,-,-,ALOD2Vec,AllPairs
conference,Paris_AllPairs_StarTwoMaxtrue,ALL,0.0,0.0,0.0,0.0,0.0,0.0,0.0,0.0,0,0,0,305,0,161283238746,00:02:41,Paris,AllPairs
conference,Paris_AllPairs_StarTwoMaxtrue,CLASSES,0.0,0.0,0.0,0.0,0.0,0.0,0.0,0.0,0,0,0,259,0,-,-,Paris,AllPairs
conference,Paris_AllPairs_StarTwoMaxtrue,PROPERTIES,0.0,0.0,0.0,0.0,0.0,0.0,0.0,0.0,0,0,0,46,0,-,-,Paris,AllPairs
conference,Paris_AllPairs_StarTwoMaxtrue,INSTANCES,0.0,0.0,0.0,0.0,0.0,0.0,0.0,0.0,0,0,0,0,0,-,-,Paris,AllPairs
conference,LogMap_AllPairs_MergeCenterMaxtrue,ALL,0.8392868340236762,0.6145381469207498,0.22855384578073654,0.7095403951317972,0.817351598173516,0.5868852459016394,0.22839506172839505,0.683206106870229,179,37,40,126,219,1057479190320,00:17:37,LogMap,AllPairs
conference,LogMap_AllPairs_MergeCenterMaxtrue,CLASSES,0.8642233661141225,0.6738964436578037,0.20130385487528346,0.7572843796045271,0.8434343434343434,0.6447876447876448,0.2288135593220339,0.7308533916849016,167,27,31,92,198,-,-,LogMap,AllPairs
conference,LogMap_AllPairs_MergeCenterMaxtrue,PROPERTIES,0.38095238095238093,0.21190476190476187,0.20238095238095238,0.2723274048575253,0.5714285714285714,0.2608695652173913,0.22727272727272727,0.3582089552238805,12,10,9,34,21,-,-,LogMap,AllPairs
conference,LogMap_AllPairs_MergeCenterMaxtrue,INSTANCES,0.0,0.0,0.0,0.0,0.0,0.0,0.0,0.0,0,0,0,0,0,-,-,LogMap,AllPairs
conference,LogMap_AllPairs_Err95,ALL,0.8392868340236762,0.6145381469207498,0.22855384578073654,0.7095403951317972,0.817351598173516,0.5868852459016394,0.22839506172839505,0.683206106870229,179,37,40,126,219,1005846084768,00:16:45,LogMap,AllPairs
conference,LogMap_AllPairs_Err95,CLASSES,0.8642233661141224,0.6738964436578037,0.20130385487528346,0.7572843796045271,0.8434343434343434,0.6447876447876448,0.2288135593220339,0.7308533916849016,167,27,31,92,198,-,-,LogMap,AllPairs
conference,LogMap_AllPairs_Err95,PROPERTIES,0.38095238095238093,0.2119047619047619,0.20238095238095238,0.2723274048575253,0.5714285714285714,0.2608695652173913,0.22727272727272727,0.3582089552238805,12,10,9,34,21,-,-,LogMap,AllPairs
conference,LogMap_AllPairs_Err95,INSTANCES,0.0,0.0,0.0,0.0,0.0,0.0,0.0,0.0,0,0,0,0,0,-,-,LogMap,AllPairs
conference,AML_AllPairs_ConnectedComponentsfalse,ALL,0.8454171123197431,0.6783082288601682,0.34965450826795363,0.7526991493908262,0.8410041841004184,0.659016393442623,0.35802469135802467,0.7389705882352942,201,58,38,104,239,1187563308498,00:19:47,AML,AllPairs
conference,AML_AllPairs_ConnectedComponentsfalse,CLASSES,0.8360228029254337,0.723738058945643,0.30500755857898715,0.7758388294186613,0.8272727272727273,0.7027027027027027,0.3474576271186441,0.7599164926931107,182,41,38,77,220,-,-,AML,AllPairs
conference,AML_AllPairs_ConnectedComponentsfalse,PROPERTIES,0.47619047619047616,0.28809523809523807,0.28095238095238095,0.3589971814270879,1.0,0.41304347826086957,0.38636363636363635,0.5846153846153846,19,17,0,27,19,-,-,AML,AllPairs
conference,AML_AllPairs_ConnectedComponentsfalse,INSTANCES,0.0,0.0,0.0,0.0,0.0,0.0,0.0,0.0,0,0,0,0,0,-,-,AML,AllPairs
conference,ATBox_AllPairs_Err60,ALL,0.8149848828420257,0.498115846903465,0.06335322007590916,0.6183179643941874,0.8011363636363636,0.46229508196721314,0.08641975308641975,0.5862785862785862,141,14,35,164,176,1268081853465,00:21:08,ATBox,AllPairs
conference,ATBox_AllPairs_Err60,CLASSES,0.8312169312169314,0.5593459003069986,0.045823885109599394,0.6687044586578308,0.8220858895705522,0.5173745173745173,0.06779661016949153,0.6350710900473934,134,8,29,125,163,-,-,ATBox,AllPairs
conference,ATBox_AllPairs_Err60,PROPERTIES,0.17857142857142858,0.08095238095238094,0.07142857142857142,0.11140235910878113,0.5833333333333334,0.15217391304347827,0.13636363636363635,0.2413793103448276,7,6,5,39,12,-,-,ATBox,AllPairs
conference,ATBox_AllPairs_Err60,INSTANCES,0.0,0.0,0.0,0.0,0.0,0.0,0.0,0.0,0,0,1,0,1,-,-,ATBox,AllPairs
conference,AML_AllPairs_CenterMaxfalse,ALL,0.845417112319743,0.6783082288601682,0.34965450826795363,0.7526991493908262,0.8410041841004184,0.659016393442623,0.35802469135802467,0.7389705882352942,201,58,38,104,239,1155430588830,00:19:15,AML,AllPairs
conference,AML_AllPairs_CenterMaxfalse,CLASSES,0.8360228029254335,0.7237380589456432,0.30500755857898715,0.7758388294186614,0.8272727272727273,0.7027027027027027,0.3474576271186441,0.7599164926931107,182,41,38,77,220,-,-,AML,AllPairs
conference,AML_AllPairs_CenterMaxfalse,PROPERTIES,0.47619047619047616,0.28809523809523807,0.28095238095238095,0.3589971814270879,1.0,0.41304347826086957,0.38636363636363635,0.5846153846153846,19,17,0,27,19,-,-,AML,AllPairs
conference,AML_AllPairs_CenterMaxfalse,INSTANCES,0.0,0.0,0.0,0.0,0.0,0.0,0.0,0.0,0,0,0,0,0,-,-,AML,AllPairs
conference,ATBox_AllPairs,ALL,0.6425605926335691,0.5964507323557282,0.1876224227064563,0.6186476722681024,0.6183745583038869,0.5737704918032787,0.21604938271604937,0.5952380952380952,175,35,108,130,283,1268074310454,00:21:08,ATBox,AllPairs
conference,ATBox_AllPairs,CLASSES,0.7667222988651559,0.6592157282742441,0.17445200302343158,0.7089163610349314,0.7523364485981309,0.6216216216216216,0.1864406779661017,0.6807610993657506,161,22,53,98,214,-,-,ATBox,AllPairs
conference,ATBox_AllPairs,PROPERTIES,0.1349206349206349,0.17936507936507937,0.1746031746031746,0.15400032066698732,0.20588235294117646,0.30434782608695654,0.29545454545454547,0.2456140350877193,14,13,54,32,68,-,-,ATBox,AllPairs
conference,ATBox_AllPairs,INSTANCES,0.0,0.0,0.0,0.0,0.0,0.0,0.0,0.0,0,0,1,0,1,-,-,ATBox,AllPairs
conference,AML_AllPairs_MergeCenterMaxtrue,ALL,0.845417112319743,0.6783082288601682,0.34965450826795363,0.7526991493908262,0.8410041841004184,0.659016393442623,0.35802469135802467,0.7389705882352942,201,58,38,104,239,1160793966129,00:19:20,AML,AllPairs
conference,AML_AllPairs_MergeCenterMaxtrue,CLASSES,0.8360228029254335,0.7237380589456431,0.30500755857898715,0.7758388294186614,0.8272727272727273,0.7027027027027027,0.3474576271186441,0.7599164926931107,182,41,38,77,220,-,-,AML,AllPairs
conference,AML_AllPairs_MergeCenterMaxtrue,PROPERTIES,0.47619047619047616,0.2880952380952381,0.28095238095238095,0.35899718142708803,1.0,0.41304347826086957,0.38636363636363635,0.5846153846153846,19,17,0,27,19,-,-,AML,AllPairs
conference,AML_AllPairs_MergeCenterMaxtrue,INSTANCES,0.0,0.0,0.0,0.0,0.0,0.0,0.0,0.0,0,0,0,0,0,-,-,AML,AllPairs
conference,LogMap_AllPairs_StarOneMintrue,ALL,0.8392868340236764,0.6145381469207499,0.22855384578073656,0.7095403951317975,0.817351598173516,0.5868852459016394,0.22839506172839505,0.683206106870229,179,37,40,126,219,1052996996688,00:17:32,LogMap,AllPairs
conference,LogMap_AllPairs_StarOneMintrue,CLASSES,0.8642233661141225,0.6738964436578037,0.20130385487528343,0.7572843796045271,0.8434343434343434,0.6447876447876448,0.2288135593220339,0.7308533916849016,167,27,31,92,198,-,-,LogMap,AllPairs
conference,LogMap_AllPairs_StarOneMintrue,PROPERTIES,0.38095238095238093,0.2119047619047619,0.20238095238095238,0.2723274048575253,0.5714285714285714,0.2608695652173913,0.22727272727272727,0.3582089552238805,12,10,9,34,21,-,-,LogMap,AllPairs
conference,LogMap_AllPairs_StarOneMintrue,INSTANCES,0.0,0.0,0.0,0.0,0.0,0.0,0.0,0.0,0,0,0,0,0,-,-,LogMap,AllPairs
conference,ALOD2Vec_AllPairs_StarTwoMintrue,ALL,0.5944606332561514,0.5792332492179617,0.14233309485410323,0.5867481619777843,0.568561872909699,0.5573770491803278,0.16666666666666666,0.5629139072847683,170,27,129,135,299,1040174305296,00:17:20,ALOD2Vec,AllPairs
conference,ALOD2Vec_AllPairs_StarTwoMintrue,CLASSES,0.7085426835847004,0.6320687134351731,0.10215419501133789,0.6681245041222749,0.6753246753246753,0.6023166023166023,0.1271186440677966,0.6367346938775511,156,15,75,103,231,-,-,ALOD2Vec,AllPairs
conference,ALOD2Vec_AllPairs_StarTwoMintrue,PROPERTIES,0.14814814814814814,0.18968253968253967,0.15873015873015872,0.1663621334725485,0.20588235294117646,0.30434782608695654,0.2727272727272727,0.2456140350877193,14,12,54,32,68,-,-,ALOD2Vec,AllPairs
conference,ALOD2Vec_AllPairs_StarTwoMintrue,INSTANCES,0.0,0.0,0.0,0.0,0.0,0.0,0.0,0.0,0,0,0,0,0,-,-,ALOD2Vec,AllPairs
conference,AML_AllPairs_StarTwoMaxfalse,ALL,0.8454171123197428,0.6783082288601682,0.34965450826795363,0.752699149390826,0.8410041841004184,0.659016393442623,0.35802469135802467,0.7389705882352942,201,58,38,104,239,1157199885093,00:19:17,AML,AllPairs
conference,AML_AllPairs_StarTwoMaxfalse,CLASSES,0.8360228029254335,0.7237380589456431,0.30500755857898715,0.7758388294186614,0.8272727272727273,0.7027027027027027,0.3474576271186441,0.7599164926931107,182,41,38,77,220,-,-,AML,AllPairs
conference,AML_AllPairs_StarTwoMaxfalse,PROPERTIES,0.47619047619047616,0.2880952380952381,0.28095238095238095,0.35899718142708803,1.0,0.41304347826086957,0.38636363636363635,0.5846153846153846,19,17,0,27,19,-,-,AML,AllPairs
conference,AML_AllPairs_StarTwoMaxfalse,INSTANCES,0.0,0.0,0.0,0.0,0.0,0.0,0.0,0.0,0,0,0,0,0,-,-,AML,AllPairs
conference,ATBox_AllPairs_StarTwoMinfalse,ALL,0.6425605926335692,0.5964507323557281,0.1876224227064563,0.6186476722681024,0.6183745583038869,0.5737704918032787,0.21604938271604937,0.5952380952380952,175,35,108,130,283,1322674696581,00:22:02,ATBox,AllPairs
conference,ATBox_AllPairs_StarTwoMinfalse,CLASSES,0.7667222988651561,0.6592157282742442,0.17445200302343156,0.7089163610349315,0.7523364485981309,0.6216216216216216,0.1864406779661017,0.6807610993657506,161,22,53,98,214,-,-,ATBox,AllPairs
conference,ATBox_AllPairs_StarTwoMinfalse,PROPERTIES,0.1349206349206349,0.1793650793650794,0.1746031746031746,0.15400032066698735,0.20588235294117646,0.30434782608695654,0.29545454545454547,0.2456140350877193,14,13,54,32,68,-,-,ATBox,AllPairs
conference,ATBox_AllPairs_StarTwoMinfalse,INSTANCES,0.0,0.0,0.0,0.0,0.0,0.0,0.0,0.0,0,0,1,0,1,-,-,ATBox,AllPairs
conference,ALOD2Vec_AllPairs_CLIPtrue,ALL,0.5944606332561515,0.5792332492179617,0.14233309485410325,0.5867481619777843,0.568561872909699,0.5573770491803278,0.16666666666666666,0.5629139072847683,170,27,129,135,299,998263492065,00:16:38,ALOD2Vec,AllPairs
conference,ALOD2Vec_AllPairs_CLIPtrue,CLASSES,0.7085426835847004,0.6320687134351731,0.10215419501133786,0.6681245041222749,0.6753246753246753,0.6023166023166023,0.1271186440677966,0.6367346938775511,156,15,75,103,231,-,-,ALOD2Vec,AllPairs
conference,ALOD2Vec_AllPairs_CLIPtrue,PROPERTIES,0.14814814814814814,0.18968253968253967,0.15873015873015872,0.1663621334725485,0.20588235294117646,0.30434782608695654,0.2727272727272727,0.2456140350877193,14,12,54,32,68,-,-,ALOD2Vec,AllPairs
conference,ALOD2Vec_AllPairs_CLIPtrue,INSTANCES,0.0,0.0,0.0,0.0,0.0,0.0,0.0,0.0,0,0,0,0,0,-,-,ALOD2Vec,AllPairs
conference,AML_AllPairs_Err90,ALL,0.845417112319743,0.6783082288601682,0.34965450826795363,0.7526991493908262,0.8410041841004184,0.659016393442623,0.35802469135802467,0.7389705882352942,201,58,38,104,239,1105887161106,00:18:25,AML,AllPairs
conference,AML_AllPairs_Err90,CLASSES,0.8360228029254338,0.7237380589456432,0.30500755857898715,0.7758388294186617,0.8272727272727273,0.7027027027027027,0.3474576271186441,0.7599164926931107,182,41,38,77,220,-,-,AML,AllPairs
conference,AML_AllPairs_Err90,PROPERTIES,0.47619047619047616,0.28809523809523807,0.28095238095238095,0.3589971814270879,1.0,0.41304347826086957,0.38636363636363635,0.5846153846153846,19,17,0,27,19,-,-,AML,AllPairs
conference,AML_AllPairs_Err90,INSTANCES,0.0,0.0,0.0,0.0,0.0,0.0,0.0,0.0,0,0,0,0,0,-,-,AML,AllPairs
conference,AML_AllPairs_MergeCenterMinfalse,ALL,0.8922655039196392,0.477468491561669,0.19979335168410794,0.6220604374783313,0.875,0.4819672131147541,0.2222222222222222,0.6215644820295982,147,36,21,158,168,1345792253673,00:22:25,AML,AllPairs
conference,AML_AllPairs_MergeCenterMinfalse,CLASSES,0.8850647681474749,0.5066001628195155,0.14217687074829932,0.6443705602867745,0.8636363636363636,0.5135135135135135,0.2033898305084746,0.6440677966101694,133,24,21,126,154,-,-,AML,AllPairs
conference,AML_AllPairs_MergeCenterMinfalse,PROPERTIES,0.2857142857142857,0.18888888888888888,0.18174603174603174,0.22742474916387959,1.0,0.30434782608695654,0.2727272727272727,0.4666666666666667,14,12,0,32,14,-,-,AML,AllPairs
conference,AML_AllPairs_MergeCenterMinfalse,INSTANCES,0.0,0.0,0.0,0.0,0.0,0.0,0.0,0.0,0,0,0,0,0,-,-,AML,AllPairs
conference,ATBox_AllPairs_MergeCenterMintrue,ALL,0.6425605926335691,0.5964507323557281,0.18762242270645632,0.6186476722681022,0.6183745583038869,0.5737704918032787,0.21604938271604937,0.5952380952380952,175,35,108,130,283,1315518546300,00:21:55,ATBox,AllPairs
conference,ATBox_AllPairs_MergeCenterMintrue,CLASSES,0.7667222988651561,0.6592157282742442,0.17445200302343158,0.7089163610349315,0.7523364485981309,0.6216216216216216,0.1864406779661017,0.6807610993657506,161,22,53,98,214,-,-,ATBox,AllPairs
conference,ATBox_AllPairs_MergeCenterMintrue,PROPERTIES,0.1349206349206349,0.17936507936507937,0.1746031746031746,0.15400032066698732,0.20588235294117646,0.30434782608695654,0.29545454545454547,0.2456140350877193,14,13,54,32,68,-,-,ATBox,AllPairs
conference,ATBox_AllPairs_MergeCenterMintrue,INSTANCES,0.0,0.0,0.0,0.0,0.0,0.0,0.0,0.0,0,0,1,0,1,-,-,ATBox,AllPairs
conference,AML_AllPairs_Err95,ALL,0.845417112319743,0.6783082288601682,0.34965450826795363,0.7526991493908262,0.8410041841004184,0.659016393442623,0.35802469135802467,0.7389705882352942,201,58,38,104,239,1105886931303,00:18:25,AML,AllPairs
conference,AML_AllPairs_Err95,CLASSES,0.8360228029254337,0.7237380589456431,0.30500755857898715,0.7758388294186613,0.8272727272727273,0.7027027027027027,0.3474576271186441,0.7599164926931107,182,41,38,77,220,-,-,AML,AllPairs
conference,AML_AllPairs_Err95,PROPERTIES,0.47619047619047616,0.28809523809523807,0.28095238095238095,0.3589971814270879,1.0,0.41304347826086957,0.38636363636363635,0.5846153846153846,19,17,0,27,19,-,-,AML,AllPairs
conference,AML_AllPairs_Err95,INSTANCES,0.0,0.0,0.0,0.0,0.0,0.0,0.0,0.0,0,0,0,0,0,-,-,AML,AllPairs
conference,LogMap_AllPairs_ConnectedComponentstrue,ALL,0.8392868340236764,0.6145381469207498,0.22855384578073654,0.7095403951317975,0.817351598173516,0.5868852459016394,0.22839506172839505,0.683206106870229,179,37,40,126,219,1067813355483,00:17:47,LogMap,AllPairs
conference,LogMap_AllPairs_ConnectedComponentstrue,CLASSES,0.8642233661141225,0.6738964436578034,0.20130385487528346,0.757284379604527,0.8434343434343434,0.6447876447876448,0.2288135593220339,0.7308533916849016,167,27,31,92,198,-,-,LogMap,AllPairs
conference,LogMap_AllPairs_ConnectedComponentstrue,PROPERTIES,0.38095238095238093,0.21190476190476187,0.20238095238095238,0.2723274048575253,0.5714285714285714,0.2608695652173913,0.22727272727272727,0.3582089552238805,12,10,9,34,21,-,-,LogMap,AllPairs
conference,LogMap_AllPairs_ConnectedComponentstrue,INSTANCES,0.0,0.0,0.0,0.0,0.0,0.0,0.0,0.0,0,0,0,0,0,-,-,LogMap,AllPairs
conference,AML_AllPairs_ConnectedComponentstrue,ALL,0.5546803001301299,0.7031460427736123,0.4031898618033073,0.6201512001101851,0.553475935828877,0.6786885245901639,0.3950617283950617,0.6097201767304861,207,64,167,98,374,1324051266930,00:22:04,AML,AllPairs
conference,AML_AllPairs_ConnectedComponentstrue,CLASSES,0.5534538258521011,0.751365193715635,0.37067271352985637,0.6374001832250819,0.5497076023391813,0.7258687258687259,0.3983050847457627,0.6256239600665557,188,47,154,71,342,-,-,AML,AllPairs
conference,AML_AllPairs_ConnectedComponentstrue,PROPERTIES,0.33015873015873015,0.28809523809523807,0.28095238095238095,0.30769606944189737,0.59375,0.41304347826086957,0.38636363636363635,0.4871794871794871,19,17,13,27,32,-,-,AML,AllPairs
conference,AML_AllPairs_ConnectedComponentstrue,INSTANCES,0.0,0.0,0.0,0.0,0.0,0.0,0.0,0.0,0,0,0,0,0,-,-,AML,AllPairs
conference,AML_AllPairs_Err99,ALL,0.8454171123197428,0.6783082288601682,0.34965450826795363,0.752699149390826,0.8410041841004184,0.659016393442623,0.35802469135802467,0.7389705882352942,201,58,38,104,239,1105983973899,00:18:25,AML,AllPairs
conference,AML_AllPairs_Err99,CLASSES,0.8360228029254335,0.7237380589456431,0.30500755857898715,0.7758388294186614,0.8272727272727273,0.7027027027027027,0.3474576271186441,0.7599164926931107,182,41,38,77,220,-,-,AML,AllPairs
conference,AML_AllPairs_Err99,PROPERTIES,0.47619047619047616,0.2880952380952381,0.28095238095238095,0.35899718142708803,1.0,0.41304347826086957,0.38636363636363635,0.5846153846153846,19,17,0,27,19,-,-,AML,AllPairs
conference,AML_AllPairs_Err99,INSTANCES,0.0,0.0,0.0,0.0,0.0,0.0,0.0,0.0,0,0,0,0,0,-,-,AML,AllPairs
conference,AML_AllPairs_StarTwoMinfalse,ALL,0.845417112319743,0.6783082288601682,0.3496545082679537,0.7526991493908262,0.8410041841004184,0.659016393442623,0.35802469135802467,0.7389705882352942,201,58,38,104,239,1155442886388,00:19:15,AML,AllPairs
conference,AML_AllPairs_StarTwoMinfalse,CLASSES,0.8360228029254337,0.723738058945643,0.30500755857898715,0.7758388294186613,0.8272727272727273,0.7027027027027027,0.3474576271186441,0.7599164926931107,182,41,38,77,220,-,-,AML,AllPairs
conference,AML_AllPairs_StarTwoMinfalse,PROPERTIES,0.47619047619047616,0.2880952380952381,0.28095238095238095,0.35899718142708803,1.0,0.41304347826086957,0.38636363636363635,0.5846153846153846,19,17,0,27,19,-,-,AML,AllPairs
conference,AML_AllPairs_StarTwoMinfalse,INSTANCES,0.0,0.0,0.0,0.0,0.0,0.0,0.0,0.0,0,0,0,0,0,-,-,AML,AllPairs
conference,ALOD2Vec_AllPairs_StarTwoMaxtrue,ALL,0.5944606332561514,0.5792332492179616,0.14233309485410325,0.5867481619777841,0.568561872909699,0.5573770491803278,0.16666666666666666,0.5629139072847683,170,27,129,135,299,1037353995468,00:17:17,ALOD2Vec,AllPairs
conference,ALOD2Vec_AllPairs_StarTwoMaxtrue,CLASSES,0.7085426835847005,0.6320687134351731,0.10215419501133786,0.6681245041222749,0.6753246753246753,0.6023166023166023,0.1271186440677966,0.6367346938775511,156,15,75,103,231,-,-,ALOD2Vec,AllPairs
conference,ALOD2Vec_AllPairs_StarTwoMaxtrue,PROPERTIES,0.14814814814814814,0.18968253968253967,0.15873015873015872,0.1663621334725485,0.20588235294117646,0.30434782608695654,0.2727272727272727,0.2456140350877193,14,12,54,32,68,-,-,ALOD2Vec,AllPairs
conference,ALOD2Vec_AllPairs_StarTwoMaxtrue,INSTANCES,0.0,0.0,0.0,0.0,0.0,0.0,0.0,0.0,0,0,0,0,0,-,-,ALOD2Vec,AllPairs
conference,ATBox_AllPairs_StarTwoMaxfalse,ALL,0.6425605926335691,0.5964507323557282,0.18762242270645635,0.6186476722681024,0.6183745583038869,0.5737704918032787,0.21604938271604937,0.5952380952380952,175,35,108,130,283,1312220671167,00:21:52,ATBox,AllPairs
conference,ATBox_AllPairs_StarTwoMaxfalse,CLASSES,0.7667222988651559,0.6592157282742441,0.17445200302343158,0.7089163610349314,0.7523364485981309,0.6216216216216216,0.1864406779661017,0.6807610993657506,161,22,53,98,214,-,-,ATBox,AllPairs
conference,ATBox_AllPairs_StarTwoMaxfalse,PROPERTIES,0.13492063492063494,0.17936507936507937,0.17460317460317462,0.15400032066698735,0.20588235294117646,0.30434782608695654,0.29545454545454547,0.2456140350877193,14,13,54,32,68,-,-,ATBox,AllPairs
conference,ATBox_AllPairs_StarTwoMaxfalse,INSTANCES,0.0,0.0,0.0,0.0,0.0,0.0,0.0,0.0,0,0,1,0,1,-,-,ATBox,AllPairs
conference,ALOD2Vec_AllPairs_StarOneMintrue,ALL,0.5944606332561515,0.5792332492179615,0.14233309485410325,0.5867481619777841,0.568561872909699,0.5573770491803278,0.16666666666666666,0.5629139072847683,170,27,129,135,299,1031250369282,00:17:11,ALOD2Vec,AllPairs
conference,ALOD2Vec_AllPairs_StarOneMintrue,CLASSES,0.7085426835847004,0.6320687134351731,0.10215419501133786,0.6681245041222749,0.6753246753246753,0.6023166023166023,0.1271186440677966,0.6367346938775511,156,15,75,103,231,-,-,ALOD2Vec,AllPairs
conference,ALOD2Vec_AllPairs_StarOneMintrue,PROPERTIES,0.14814814814814814,0.18968253968253967,0.15873015873015872,0.1663621334725485,0.20588235294117646,0.30434782608695654,0.2727272727272727,0.2456140350877193,14,12,54,32,68,-,-,ALOD2Vec,AllPairs
conference,ALOD2Vec_AllPairs_StarOneMintrue,INSTANCES,0.0,0.0,0.0,0.0,0.0,0.0,0.0,0.0,0,0,0,0,0,-,-,ALOD2Vec,AllPairs
conference,LogMap_AllPairs_CLIPtrue,ALL,0.8392868340236761,0.6145381469207498,0.22855384578073654,0.7095403951317972,0.817351598173516,0.5868852459016394,0.22839506172839505,0.683206106870229,179,37,40,126,219,1019026149561,00:16:59,LogMap,AllPairs
conference,LogMap_AllPairs_CLIPtrue,CLASSES,0.8642233661141225,0.6738964436578035,0.20130385487528346,0.7572843796045271,0.8434343434343434,0.6447876447876448,0.2288135593220339,0.7308533916849016,167,27,31,92,198,-,-,LogMap,AllPairs
conference,LogMap_AllPairs_CLIPtrue,PROPERTIES,0.38095238095238093,0.2119047619047619,0.20238095238095238,0.2723274048575253,0.5714285714285714,0.2608695652173913,0.22727272727272727,0.3582089552238805,12,10,9,34,21,-,-,LogMap,AllPairs
conference,LogMap_AllPairs_CLIPtrue,INSTANCES,0.0,0.0,0.0,0.0,0.0,0.0,0.0,0.0,0,0,0,0,0,-,-,LogMap,AllPairs
conference,ALOD2Vec_AllPairs_StarOneMaxtrue,ALL,0.5944606332561515,0.5792332492179616,0.14233309485410325,0.5867481619777842,0.568561872909699,0.5573770491803278,0.16666666666666666,0.5629139072847683,170,27,129,135,299,1032245533914,00:17:12,ALOD2Vec,AllPairs
conference,ALOD2Vec_AllPairs_StarOneMaxtrue,CLASSES,0.7085426835847004,0.6320687134351731,0.10215419501133786,0.6681245041222749,0.6753246753246753,0.6023166023166023,0.1271186440677966,0.6367346938775511,156,15,75,103,231,-,-,ALOD2Vec,AllPairs
conference,ALOD2Vec_AllPairs_StarOneMaxtrue,PROPERTIES,0.14814814814814814,0.18968253968253967,0.15873015873015875,0.1663621334725485,0.20588235294117646,0.30434782608695654,0.2727272727272727,0.2456140350877193,14,12,54,32,68,-,-,ALOD2Vec,AllPairs
conference,ALOD2Vec_AllPairs_StarOneMaxtrue,INSTANCES,0.0,0.0,0.0,0.0,0.0,0.0,0.0,0.0,0,0,0,0,0,-,-,ALOD2Vec,AllPairs
